-- phpMyAdmin SQL Dump
-- version 2.11.4-rc1
-- http://www.phpmyadmin.net
--
-- Host: localhost
-- Erstellungszeit: 04. Juni 2010 um 14:43
-- Server Version: 5.0.45
-- PHP-Version: 5.2.11

SET SQL_MODE="NO_AUTO_VALUE_ON_ZERO";

--
-- Datenbank: `opus400`
--

--
-- Daten für Tabelle `documents`
--

INSERT INTO `documents` (`id`, `completed_date`, `completed_year`, `contributing_corporation`, `creating_corporation`, `thesis_date_accepted`, `type`, `edition`, `issue`, `language`, `page_first`, `page_last`, `page_number`, `publication_state`, `published_date`, `published_year`, `publisher_name`, `publisher_place`, `server_date_modified`, `server_date_published`, `server_state`, `volume`, `belongs_to_bibliography`) VALUES
(1, NULL, 0000, NULL, NULL, NULL, 'conferenceobject', NULL, NULL, 'eng', NULL, NULL, NULL, 'draft', NULL, 1999, '', NULL, '2010-06-04T02:30:32Z', '2002-04-29T13:14:46Z', 'published', NULL, 0),
(2, NULL, 0000, NULL, NULL, NULL, 'conferenceobject', NULL, NULL, 'deu', NULL, NULL, NULL, 'draft', NULL, 2002, '', NULL, '2010-06-04T02:30:33Z', '2003-01-21T11:32:08Z', 'published', NULL, 0),
(3, NULL, 2002, NULL, NULL, '2002-06-17', 'doctoralthesis', NULL, NULL, 'eng', NULL, NULL, NULL, 'draft', NULL, 2002, '', NULL, '2010-06-04T02:30:37Z', '2003-01-21T12:41:16Z', 'published', NULL, 0),
(4, NULL, 2000, NULL, NULL, '2000-07-06', 'doctoralthesis', NULL, NULL, 'deu', NULL, NULL, NULL, 'draft', NULL, 2000, '', NULL, '2010-06-04T02:30:39Z', '2003-01-21T12:58:56Z', 'published', NULL, 0),
(5, NULL, 2002, NULL, NULL, '2002-12-20', 'doctoralthesis', NULL, NULL, 'deu', NULL, NULL, NULL, 'draft', NULL, 2002, '', NULL, '2010-06-04T02:30:42Z', '2003-03-26T13:19:05Z', 'published', NULL, 0),
(6, NULL, 2002, NULL, NULL, '2002-02-08', 'doctoralthesis', NULL, NULL, 'deu', NULL, NULL, NULL, 'draft', NULL, 2002, '', NULL, '2010-06-04T02:30:49Z', '2003-01-22T14:16:12Z', 'published', NULL, 0),
(7, NULL, 0000, NULL, NULL, NULL, 'bookpart', NULL, NULL, 'deu', NULL, NULL, NULL, 'draft', NULL, 1991, '', NULL, '2010-06-04T02:30:54Z', '2003-01-22T14:06:14Z', 'published', NULL, 0),
(8, NULL, 2003, NULL, NULL, '2003-05-14', 'doctoralthesis', NULL, NULL, 'eng', NULL, NULL, NULL, 'draft', NULL, 2003, '', NULL, '2010-06-04T02:30:57Z', '2003-07-10T09:34:55Z', 'published', NULL, 0),
(9, NULL, 0000, NULL, 'Arbeitsbereich Wasserbau, Technische Universität Hamburg-Harburg', NULL, 'book', NULL, NULL, 'deu', NULL, NULL, NULL, 'draft', NULL, 2003, '', NULL, '2010-06-04T02:31:03Z', '2003-11-17T13:29:07Z', 'published', NULL, 0),
(10, NULL, 2003, NULL, NULL, '2003-12-01', 'doctoralthesis', NULL, NULL, 'deu', NULL, NULL, NULL, 'draft', NULL, 2003, '', NULL, '2010-06-04T02:31:05Z', '2004-01-15T09:13:10Z', 'published', NULL, 0),
(11, NULL, 1955, NULL, NULL, NULL, 'masterthesis', NULL, NULL, 'deu', NULL, NULL, NULL, 'draft', NULL, NULL, '', NULL, '2010-06-04T02:25:39Z', '2009-08-12T07:45:25Z', 'published', NULL, 0),
(12, NULL, 0000, NULL, NULL, NULL, 'book', NULL, NULL, 'eng', NULL, NULL, NULL, 'draft', NULL, 1955, '', NULL, '2010-06-04T02:25:39Z', '2009-08-12T07:46:50Z', 'published', NULL, 0),
(13, NULL, 0000, NULL, NULL, NULL, 'article', NULL, NULL, 'deu', NULL, NULL, NULL, 'draft', NULL, 1962, '', NULL, '2010-06-04T02:31:06Z', '2009-08-12T07:51:34Z', 'published', NULL, 0),
(14, NULL, 0000, NULL, NULL, NULL, 'article', NULL, NULL, 'deu', NULL, NULL, NULL, 'draft', NULL, 1962, '', NULL, '2010-06-04T02:31:10Z', '2009-08-12T08:08:51Z', 'published', NULL, 0),
(15, NULL, 0000, NULL, NULL, NULL, 'article', NULL, NULL, 'deu', NULL, NULL, NULL, 'draft', NULL, 1962, '', NULL, '2010-06-04T02:31:11Z', '2009-08-12T08:10:46Z', 'published', NULL, 0),
(16, NULL, 0000, NULL, NULL, NULL, 'article', NULL, NULL, 'deu', NULL, NULL, NULL, 'draft', NULL, 1962, '', NULL, '2010-06-04T02:31:13Z', '2009-08-12T08:21:37Z', 'published', NULL, 0),
(17, NULL, 0000, NULL, NULL, NULL, 'report', NULL, NULL, 'deu', NULL, NULL, NULL, 'draft', NULL, 1963, '', NULL, '2010-06-04T02:31:15Z', '2009-08-12T08:23:02Z', 'published', NULL, 0),
(18, NULL, 0000, NULL, NULL, NULL, 'report', NULL, NULL, 'deu', NULL, NULL, NULL, 'draft', NULL, 1962, '', NULL, '2010-06-04T02:31:15Z', '2009-08-12T08:24:29Z', 'published', NULL, 0),
(19, NULL, 0000, NULL, NULL, NULL, 'report', NULL, NULL, 'deu', NULL, NULL, NULL, 'draft', NULL, 1963, '', NULL, '2010-06-04T02:31:16Z', '2009-08-12T08:25:38Z', 'published', NULL, 0),
(20, NULL, 0000, NULL, NULL, NULL, 'report', NULL, NULL, 'deu', NULL, NULL, NULL, 'draft', NULL, 1963, '', NULL, '2010-06-04T02:31:22Z', '2009-08-12T08:26:56Z', 'published', NULL, 0),
(21, NULL, 0000, NULL, NULL, NULL, 'report', NULL, NULL, 'deu', NULL, NULL, NULL, 'draft', NULL, 1963, '', NULL, '2010-06-04T02:31:24Z', '2009-08-12T08:28:21Z', 'published', NULL, 0),
(22, NULL, 0000, NULL, NULL, NULL, 'workingpaper', NULL, NULL, 'deu', NULL, NULL, NULL, 'draft', NULL, 1963, '', NULL, '2010-06-04T02:31:27Z', '2009-08-12T08:34:58Z', 'published', NULL, 0),
(23, NULL, 0000, NULL, NULL, NULL, 'report', NULL, NULL, 'deu', NULL, NULL, NULL, 'draft', NULL, 1968, '', NULL, '2010-06-04T02:31:28Z', '2009-09-09T13:07:27Z', 'published', NULL, 0),
(24, NULL, 0000, 'Technische Universität Hamburg-Harburg', NULL, NULL, 'report', NULL, NULL, 'deu', NULL, NULL, NULL, 'draft', NULL, 2009, '', NULL, '2010-06-04T02:31:28Z', '2009-09-14T08:29:17Z', 'published', NULL, 0),
(25, NULL, 2009, NULL, NULL, '2009-09-14', 'doctoralthesis', NULL, NULL, 'deu', NULL, NULL, NULL, 'draft', NULL, 2009, '', NULL, '2010-06-04T02:31:41Z', '2009-09-24T09:18:58Z', 'published', NULL, 0),
(26, NULL, 0000, NULL, NULL, NULL, 'report', NULL, NULL, 'deu', NULL, NULL, NULL, 'draft', NULL, 1979, '', NULL, '2010-06-04T02:31:50Z', '2009-09-30T14:16:38Z', 'published', NULL, 0),
(27, NULL, 0000, NULL, NULL, NULL, 'report', NULL, NULL, 'deu', NULL, NULL, NULL, 'draft', NULL, 1978, '', NULL, '2010-06-04T02:31:53Z', '2009-09-30T14:17:41Z', 'published', NULL, 0),
(28, NULL, 0000, NULL, NULL, NULL, 'report', NULL, NULL, 'eng', NULL, NULL, NULL, 'draft', NULL, 1978, '', NULL, '2010-06-04T02:31:56Z', '2009-09-30T14:18:40Z', 'published', NULL, 0),
(29, NULL, 0000, NULL, NULL, NULL, 'report', NULL, NULL, 'deu', NULL, NULL, NULL, 'draft', NULL, 1978, '', NULL, '2010-06-04T02:31:57Z', '2009-09-30T14:19:35Z', 'published', NULL, 0),
(30, NULL, 0000, NULL, NULL, NULL, 'report', NULL, NULL, 'deu', NULL, NULL, NULL, 'draft', NULL, 1978, '', NULL, '2010-06-04T02:32:00Z', '2009-09-30T14:20:22Z', 'published', NULL, 0),
(31, NULL, 0000, NULL, NULL, NULL, 'report', NULL, NULL, 'deu', NULL, NULL, NULL, 'draft', NULL, 1979, '', NULL, '2010-06-04T02:32:02Z', '2009-09-30T14:21:29Z', 'published', NULL, 0),
(32, NULL, 0000, NULL, NULL, NULL, 'report', NULL, NULL, 'deu', NULL, NULL, NULL, 'draft', NULL, 1976, '', NULL, '2010-06-04T02:32:07Z', '2009-10-13T12:08:22Z', 'published', NULL, 0),
(33, NULL, 0000, NULL, NULL, NULL, 'report', NULL, NULL, 'deu', NULL, NULL, NULL, 'draft', NULL, 1979, '', NULL, '2010-06-04T02:32:14Z', '2009-10-14T10:26:00Z', 'published', NULL, 0),
(34, NULL, 0000, NULL, NULL, NULL, 'report', NULL, NULL, 'deu', NULL, NULL, NULL, 'draft', NULL, 1978, '', NULL, '2010-06-04T02:32:21Z', '2009-10-14T10:26:58Z', 'published', NULL, 0),
(35, NULL, 0000, NULL, NULL, NULL, 'report', NULL, NULL, 'eng', NULL, NULL, NULL, 'draft', NULL, 1978, '', NULL, '2010-06-04T02:32:23Z', '2009-10-14T10:27:47Z', 'published', NULL, 0),
(36, NULL, 0000, NULL, NULL, NULL, 'report', NULL, NULL, 'deu', NULL, NULL, NULL, 'draft', NULL, 1979, '', NULL, '2010-06-04T02:32:26Z', '2009-10-20T10:40:24Z', 'published', NULL, 0),
(37, NULL, 0000, NULL, NULL, NULL, 'report', NULL, NULL, 'deu', NULL, NULL, NULL, 'draft', NULL, 1978, '', NULL, '2010-06-04T02:32:30Z', '2009-10-20T12:11:54Z', 'published', NULL, 0),
(38, NULL, 0000, NULL, NULL, NULL, 'report', NULL, NULL, 'eng', NULL, NULL, NULL, 'draft', NULL, 1976, '', NULL, '2010-06-04T02:32:34Z', '2009-10-22T08:13:24Z', 'published', NULL, 0),
(39, NULL, 0000, NULL, NULL, NULL, 'report', NULL, NULL, 'deu', NULL, NULL, NULL, 'draft', NULL, 1974, '', NULL, '2010-06-04T02:32:38Z', '2009-10-22T08:14:34Z', 'published', NULL, 0),
(40, NULL, 2009, NULL, NULL, '2008-11-18', 'doctoralthesis', NULL, NULL, 'deu', NULL, NULL, NULL, 'draft', NULL, 2009, '', NULL, '2010-06-04T02:33:02Z', '2009-10-27T12:52:27Z', 'published', NULL, 0),
(41, NULL, 2008, NULL, NULL, '2008-09-19', 'doctoralthesis', NULL, NULL, 'deu', NULL, NULL, NULL, 'draft', NULL, 2008, '', NULL, '2010-06-04T02:33:09Z', '2009-10-30T08:10:52Z', 'published', NULL, 0),
(42, NULL, 2004, NULL, NULL, '2004-01-16', 'doctoralthesis', NULL, NULL, 'deu', NULL, NULL, NULL, 'draft', NULL, 2004, '', NULL, '2010-06-04T02:33:12Z', '2009-11-17T09:35:59Z', 'published', NULL, 0),
(43, NULL, 1997, NULL, NULL, '1997-08-29', 'doctoralthesis', NULL, NULL, 'deu', NULL, NULL, NULL, 'draft', NULL, 1997, '', NULL, '2010-06-04T02:33:14Z', '2009-11-19T08:32:17Z', 'published', NULL, 0),
(44, NULL, 2009, NULL, NULL, '2009-08-28', 'doctoralthesis', NULL, NULL, 'deu', NULL, NULL, NULL, 'draft', NULL, 2009, '', NULL, '2010-06-04T02:33:36Z', '2009-11-27T12:47:50Z', 'published', NULL, 0),
(45, NULL, 2009, NULL, NULL, '2009-09-04', 'doctoralthesis', NULL, NULL, 'eng', NULL, NULL, NULL, 'draft', NULL, 2009, '', NULL, '2010-06-04T02:33:38Z', '2009-11-27T12:51:07Z', 'published', NULL, 0),
(46, NULL, 0000, NULL, 'Universitätsbibliothek der TU Hamburg-Harburg', NULL, 'book', NULL, NULL, 'deu', NULL, NULL, NULL, 'draft', NULL, 1991, '', NULL, '2010-06-04T02:33:40Z', '2009-12-04T14:46:35Z', 'published', NULL, 0),
(47, NULL, 0000, NULL, NULL, NULL, 'report', NULL, NULL, 'deu', NULL, NULL, NULL, 'draft', NULL, 1964, '', NULL, '2010-06-04T02:33:46Z', '2009-12-08T13:18:36Z', 'published', NULL, 0),
(48, NULL, 0000, NULL, NULL, NULL, 'report', NULL, NULL, 'deu', NULL, NULL, NULL, 'draft', NULL, 1965, '', NULL, '2010-06-04T02:34:00Z', '2009-12-08T13:19:29Z', 'published', NULL, 0),
(49, NULL, 0000, NULL, NULL, NULL, 'report', NULL, NULL, 'deu', NULL, NULL, NULL, 'draft', NULL, 1965, '', NULL, '2010-06-04T02:34:07Z', '2009-12-09T14:05:42Z', 'published', NULL, 0),
(50, NULL, 0000, NULL, NULL, NULL, 'report', NULL, NULL, 'deu', NULL, NULL, NULL, 'draft', NULL, 1966, '', NULL, '2010-06-04T02:34:09Z', '2009-12-09T14:06:31Z', 'published', NULL, 0),
(51, NULL, 0000, NULL, NULL, NULL, 'report', NULL, NULL, 'deu', NULL, NULL, NULL, 'draft', NULL, 1967, '', NULL, '2010-06-04T02:34:15Z', '2009-12-09T14:07:14Z', 'published', NULL, 0),
(52, NULL, 0000, NULL, NULL, NULL, 'report', NULL, NULL, 'deu', NULL, NULL, NULL, 'draft', NULL, 1974, '', NULL, '2010-06-04T02:34:17Z', '2009-12-09T14:07:50Z', 'published', NULL, 0),
(53, NULL, 0000, NULL, NULL, NULL, 'report', NULL, NULL, 'deu', NULL, NULL, NULL, 'draft', NULL, 1975, '', NULL, '2010-06-04T02:34:23Z', '2009-12-09T14:08:31Z', 'published', NULL, 0),
(54, NULL, 0000, NULL, NULL, NULL, 'report', NULL, NULL, 'deu', NULL, NULL, NULL, 'draft', NULL, 1975, '', NULL, '2010-06-04T02:34:24Z', '2009-12-09T14:09:10Z', 'published', NULL, 0),
(55, NULL, 0000, NULL, NULL, NULL, 'report', NULL, NULL, 'eng', NULL, NULL, NULL, 'draft', NULL, 1975, '', NULL, '2010-06-04T02:34:25Z', '2009-12-09T14:09:57Z', 'published', NULL, 0),
(56, NULL, 0000, NULL, NULL, NULL, 'report', NULL, NULL, 'deu', NULL, NULL, NULL, 'draft', NULL, 1975, '', NULL, '2010-06-04T02:34:26Z', '2009-12-09T14:10:39Z', 'published', NULL, 0),
(57, NULL, 0000, 'Deutsche Forschungsgemeinschaft', 'Keramische Hochleistungswerkstoffe M-9', NULL, 'workingpaper', NULL, NULL, 'eng', NULL, NULL, NULL, 'draft', NULL, 2009, '', NULL, '2010-06-04T02:34:26Z', '2009-12-09T14:11:24Z', 'published', NULL, 0),
(58, NULL, 0000, NULL, 'Institut für Keramische Hochleistungswerkstoffe', NULL, 'workingpaper', NULL, NULL, 'eng', NULL, NULL, NULL, 'draft', NULL, 2009, '', NULL, '2010-06-04T02:34:29Z', '2009-12-10T15:08:43Z', 'published', NULL, 0),
(59, NULL, 0000, 'LIBER Architecture Group', NULL, NULL, 'book', NULL, NULL, 'deu', NULL, NULL, NULL, 'draft', NULL, 2008, '', NULL, '2010-06-04T02:35:01Z', '2009-12-18T13:50:40Z', 'published', NULL, 0),
(60, NULL, 0000, 'LIBER Architecture Group', NULL, NULL, 'book', NULL, NULL, 'deu', NULL, NULL, NULL, 'draft', NULL, 2008, '', NULL, '2010-06-04T02:35:36Z', '2009-12-18T13:53:56Z', 'published', NULL, 0),
(62, NULL, 0000, 'Deutsche Forschungsgemeinschaft', 'keramische Hochleistungswerkstoffe M9', NULL, 'workingpaper', NULL, NULL, 'eng', NULL, NULL, NULL, 'draft', NULL, 2009, '', NULL, '2010-06-04T02:35:37Z', '2010-01-13T11:29:03Z', 'published', NULL, 0),
(63, NULL, 0000, NULL, 'keramische Hochleistungswerkstoffe (M-9)', NULL, 'workingpaper', NULL, NULL, 'eng', NULL, NULL, NULL, 'draft', NULL, 2009, '', NULL, '2010-06-04T02:35:38Z', '2010-01-13T11:31:16Z', 'published', NULL, 0),
(64, NULL, 0000, NULL, 'keramische Hochleistungswerkstoffe (M-9)', NULL, 'workingpaper', NULL, NULL, 'eng', NULL, NULL, NULL, 'draft', NULL, 2009, '', NULL, '2010-06-04T02:35:39Z', '2010-01-13T11:34:03Z', 'published', NULL, 0),
(65, NULL, 0000, 'Deutsche Forschungsgemeinschaft', 'Keramische Hochleistungswerkstoffe, M-9', NULL, 'workingpaper', NULL, NULL, 'eng', NULL, NULL, NULL, 'draft', NULL, 2010, '', NULL, '2010-06-04T02:35:41Z', '2010-01-18T08:32:07Z', 'published', NULL, 0),
(66, NULL, 0000, NULL, NULL, NULL, 'report', NULL, NULL, 'deu', NULL, NULL, NULL, 'draft', NULL, 1978, '', NULL, '2010-06-04T02:35:41Z', '2010-01-19T10:33:51Z', 'published', NULL, 0),
(67, NULL, 0000, NULL, NULL, NULL, 'report', NULL, NULL, 'deu', NULL, NULL, NULL, 'draft', NULL, 1976, '', NULL, '2010-06-04T02:35:44Z', '2010-01-19T11:49:04Z', 'published', NULL, 0),
(68, NULL, 0000, NULL, NULL, NULL, 'report', NULL, NULL, 'deu', NULL, NULL, NULL, 'draft', NULL, 1976, '', NULL, '2010-06-04T02:35:47Z', '2010-01-19T11:50:54Z', 'published', NULL, 0),
(69, NULL, 0000, NULL, NULL, NULL, 'report', NULL, NULL, 'deu', NULL, NULL, NULL, 'draft', NULL, 1975, '', NULL, '2010-06-04T02:35:49Z', '2010-01-19T11:52:20Z', 'published', NULL, 0),
(70, NULL, 0000, NULL, NULL, NULL, 'report', NULL, NULL, 'deu', NULL, NULL, NULL, 'draft', NULL, 1977, '', NULL, '2010-06-04T02:35:50Z', '2010-01-19T11:53:50Z', 'published', NULL, 0),
(71, NULL, 0000, NULL, NULL, NULL, 'report', NULL, NULL, 'deu', NULL, NULL, NULL, 'draft', NULL, 1977, '', NULL, '2010-06-04T02:35:52Z', '2010-01-19T11:55:34Z', 'published', NULL, 0),
(72, NULL, 0000, NULL, NULL, NULL, 'report', NULL, NULL, 'deu', NULL, NULL, NULL, 'draft', NULL, 1978, '', NULL, '2010-06-04T02:35:53Z', '2010-01-19T11:57:51Z', 'published', NULL, 0),
(73, NULL, 0000, NULL, NULL, NULL, 'report', NULL, NULL, 'deu', NULL, NULL, NULL, 'draft', NULL, 1979, '', NULL, '2010-06-04T02:35:54Z', '2010-01-19T11:59:09Z', 'published', NULL, 0),
(74, NULL, 0000, NULL, NULL, NULL, 'report', NULL, NULL, 'deu', NULL, NULL, NULL, 'draft', NULL, 1979, '', NULL, '2010-06-04T02:35:59Z', '2010-01-19T12:00:53Z', 'published', NULL, 0),
(75, NULL, 0000, NULL, NULL, NULL, 'report', NULL, NULL, 'deu', NULL, NULL, NULL, 'draft', NULL, 1972, '', NULL, '2010-06-04T02:36:01Z', '2010-01-19T13:45:19Z', 'published', NULL, 0),
(76, NULL, 0000, NULL, NULL, NULL, 'report', NULL, NULL, 'deu', NULL, NULL, NULL, 'draft', NULL, 1973, '', NULL, '2010-06-04T02:36:03Z', '2010-01-20T09:55:51Z', 'published', NULL, 0),
(77, NULL, 2009, NULL, NULL, '2009-12-03', 'doctoralthesis', NULL, NULL, 'deu', NULL, NULL, NULL, 'draft', NULL, 2009, '', NULL, '2010-06-04T02:36:10Z', '2010-01-27T11:32:24Z', 'published', NULL, 0),
(78, NULL, 0000, NULL, NULL, NULL, 'report', NULL, NULL, 'deu', NULL, NULL, NULL, 'draft', NULL, 1976, '', NULL, '2010-06-04T02:36:15Z', '2010-02-09T12:43:30Z', 'published', NULL, 0),
(79, NULL, 2009, NULL, NULL, '2009-12-17', 'doctoralthesis', NULL, NULL, 'deu', NULL, NULL, NULL, 'draft', NULL, 2009, '', NULL, '2010-06-04T02:36:18Z', '2010-02-15T09:56:01Z', 'published', NULL, 0),
(80, NULL, 2005, NULL, NULL, '2005-10-28', 'habilitation', NULL, NULL, 'deu', NULL, NULL, NULL, 'draft', NULL, 2005, '', NULL, '2010-06-04T02:36:23Z', '2010-02-17T08:05:42Z', 'published', NULL, 0),
(81, NULL, 0000, NULL, 'Forschungsschwerpunkt Maritime Systeme der TUHH', NULL, 'conferenceobject', NULL, NULL, 'deu', NULL, NULL, NULL, 'draft', NULL, 2010, '', NULL, '2010-06-04T02:36:31Z', '2010-02-17T13:41:47Z', 'published', NULL, 0),
(82, NULL, 0000, NULL, NULL, NULL, 'workingpaper', NULL, NULL, 'eng', NULL, NULL, NULL, 'draft', NULL, 2010, '', NULL, '2010-06-04T02:36:31Z', '2010-02-26T10:23:59Z', 'published', NULL, 0),
(83, NULL, 0000, NULL, NULL, NULL, 'workingpaper', NULL, NULL, 'eng', NULL, NULL, NULL, 'draft', NULL, 2010, '', NULL, '2010-06-04T02:36:32Z', '2010-02-26T10:25:02Z', 'published', NULL, 0),
(84, NULL, 0000, NULL, 'Universitätsbibliothek der TU Hamburg-Harburg', NULL, 'conferenceobject', NULL, NULL, 'deu', NULL, NULL, NULL, 'draft', NULL, 2010, '', NULL, '2010-06-04T02:36:43Z', '2010-03-01T14:17:31Z', 'published', NULL, 0),
(85, NULL, 0000, NULL, NULL, NULL, 'report', NULL, NULL, 'deu', NULL, NULL, NULL, 'draft', NULL, 1954, '', NULL, '2010-06-04T02:36:49Z', '2010-03-03T08:22:18Z', 'published', NULL, 0),
(86, NULL, 0000, NULL, NULL, NULL, 'report', NULL, NULL, 'eng', NULL, NULL, NULL, 'draft', NULL, 1954, '', NULL, '2010-06-04T02:36:49Z', '2010-03-03T08:24:08Z', 'published', NULL, 0),
(87, NULL, 0000, NULL, NULL, NULL, 'report', NULL, NULL, 'deu', NULL, NULL, NULL, 'draft', NULL, 1955, '', NULL, '2010-06-04T02:36:50Z', '2010-03-03T08:26:00Z', 'published', NULL, 0),
(88, NULL, 0000, NULL, NULL, NULL, 'report', NULL, NULL, 'deu', NULL, NULL, NULL, 'draft', NULL, 1961, '', NULL, '2010-06-04T02:36:50Z', '2010-03-03T08:28:06Z', 'published', NULL, 0),
(89, NULL, 0000, NULL, NULL, NULL, 'report', NULL, NULL, 'deu', NULL, NULL, NULL, 'draft', NULL, 1961, '', NULL, '2010-06-04T02:36:51Z', '2010-03-03T08:29:12Z', 'published', NULL, 0),
(90, NULL, 2010, NULL, NULL, '2010-01-26', 'doctoralthesis', NULL, NULL, 'eng', NULL, NULL, NULL, 'draft', NULL, 2010, '', NULL, '2010-06-04T02:36:53Z', '2010-03-05T09:47:22Z', 'published', NULL, 0);

--
-- Daten für Tabelle `document_files`
--

INSERT INTO `document_files` (`id`, `document_id`, `path_name`, `label`, `mime_type`, `language`, `file_size`, `visible_in_frontdoor`, `visible_in_oai`) VALUES
(1, 1, 'asis-hap.pdf', 'asis-hap.pdf', 'application/pdf', 'eng', 72603, 1, 1),
(2, 1, 'asis-hap_''.pdf', 'asis-hap_''.pdf', 'application/pdf', 'eng', 72603, 1, 1),
(3, 2, 'ulm-ik.pdf', 'ulm-ik.pdf', 'application/pdf', 'deu', 41442, 1, 1),
(4, 3, 'sell.pdf', 'sell.pdf', 'application/pdf', 'eng', 5333333, 1, 1),
(5, 4, 'jungfer.pdf', 'jungfer.pdf', 'application/pdf', 'deu', 2031157, 1, 1),
(6, 5, 'DissHoeft.pdf', 'DissHoeft.pdf', 'application/pdf', 'deu', 3212785, 1, 1),
(7, 6, '0_Diss_Kay_Wiehler_Inhalt.htm', '0_Diss_Kay_Wiehler_Inhalt.htm', 'text/html; charset=iso-8859-1', 'deu', 12686, 1, 1),
(8, 6, 'a10_Ausblick.pdf', 'a10_Ausblick.pdf', 'application/pdf', 'deu', 224297, 1, 1),
(9, 6, 'Anhang.pdf', 'Anhang.pdf', 'application/pdf', 'deu', 340177, 1, 1),
(10, 6, '8_Potenzial.pdf', '8_Potenzial.pdf', 'application/pdf', 'deu', 239014, 1, 1),
(11, 6, '5_Reibung_in_der_Dichtzone.pdf', '5_Reibung_in_der_Dichtzone.pdf', 'application/pdf', 'deu', 1094769, 1, 1),
(12, 6, 'Formelzeichen.pdf', 'Formelzeichen.pdf', 'application/pdf', 'deu', 150346, 1, 1),
(13, 6, '3_Zielsetzung.pdf', '3_Zielsetzung.pdf', 'application/pdf', 'deu', 209893, 1, 1),
(14, 6, '2_Stand_der_Technik.pdf', '2_Stand_der_Technik.pdf', 'application/pdf', 'deu', 650748, 1, 1),
(15, 6, '4_Schmierungszustaende.pdf', '4_Schmierungszustaende.pdf', 'application/pdf', 'deu', 742638, 1, 1),
(16, 6, 'Literatur.pdf', 'Literatur.pdf', 'application/pdf', 'deu', 157531, 1, 1),
(17, 6, '9_Zusammenfassung.pdf', '9_Zusammenfassung.pdf', 'application/pdf', 'deu', 133955, 1, 1),
(18, 6, '7_Fluidverhalten.pdf', '7_Fluidverhalten.pdf', 'application/pdf', 'deu', 1370033, 1, 1),
(19, 6, '1_Einleitung.pdf', '1_Einleitung.pdf', 'application/pdf', 'deu', 180983, 1, 1),
(20, 6, '6_Radiale_Pressung.pdf', '6_Radiale_Pressung.pdf', 'application/pdf', 'deu', 695554, 1, 1),
(21, 7, 'leftg.gif', 'leftg.gif', 'image/gif', 'deu', 497, 1, 1),
(22, 7, 'noupg.gif', 'noupg.gif', 'image/gif', 'deu', 1188, 1, 1),
(23, 7, 'topg.gif', 'topg.gif', 'image/gif', 'deu', 501, 1, 1),
(24, 7, 'noleftg.gif', 'noleftg.gif', 'image/gif', 'deu', 1180, 1, 1),
(25, 7, 'notopg.gif', 'notopg.gif', 'image/gif', 'deu', 1200, 1, 1),
(26, 7, 'zphysch-4.html', 'zphysch-4.html', 'text/html', 'deu', 3875, 1, 1),
(27, 7, 'zphysch-1.html', 'zphysch-1.html', 'text/html', 'deu', 4231, 1, 1),
(28, 7, 'zphysch.html', 'zphysch.html', 'text/html', 'deu', 2062, 1, 1),
(29, 7, 'norightg.gif', 'norightg.gif', 'image/gif', 'deu', 1165, 1, 1),
(30, 7, 'zphysch-3.html', 'zphysch-3.html', 'text/html', 'deu', 14346, 1, 1),
(31, 7, 'contg.gif', 'contg.gif', 'image/gif', 'deu', 469, 1, 1),
(32, 7, 'zphysch-2.html', 'zphysch-2.html', 'text/html', 'deu', 11538, 1, 1),
(33, 7, 'zphysch-Contents.html', 'zphysch-Contents.html', 'text/html', 'deu', 1203, 1, 1),
(34, 7, 'rightg.gif', 'rightg.gif', 'image/gif', 'deu', 483, 1, 1),
(35, 8, 'zemke_thesis.ps', 'zemke_thesis.ps', 'application/postscript', 'eng', 4953718, 1, 1),
(36, 9, 'wasserbau.pdf', 'wasserbau.pdf', 'application/pdf', 'deu', 10093794, 1, 1),
(37, 10, 'MarcusVenzke_Dissertation2003.pdf', 'MarcusVenzke_Dissertation2003.pdf', 'application/pdf', 'deu', 2052582, 1, 1),
(38, 13, 'Bericht_Nr.102_K.H.Kwik_Grundlagen_zur_Darstellung_der_Profilform_von_Schiffsrudern.pdf', 'Bericht_Nr.102_K.H.Kwik_Grundlagen_zur_Darstellung_der_Profilform_von_Schiffsrudern.pdf', 'application/pdf', 'deu', 827753, 1, 1),
(39, 14, 'Bericht_Nr.103_H.Thieme_Zur_Formgebung_von_Schiffsrudern.pdf', 'Bericht_Nr.103_H.Thieme_Zur_Formgebung_von_Schiffsrudern.pdf', 'application/pdf', 'deu', 4412369, 1, 1),
(40, 15, 'Bericht_Nr.104_H.Thieme_Das_Institut_fr_Schiffbau_der_Universitaet_Hamburg.pdf', 'Bericht_Nr.104_H.Thieme_Das_Institut_fr_Schiffbau_der_Universitaet_Hamburg.pdf', 'application/pdf', 'deu', 2261234, 1, 1),
(41, 16, 'Bericht_Nr.112_B.Wagner_Praktische_Durchfuehrung_der_Berechnung_der_Fahrgeschwindigkeit_von_Segelschiffen.pdf', 'Bericht_Nr.112_B.Wagner_Praktische_Durchfuehrung_der_Berechnung_der_Fahrgeschwindigkeit_von_Segelschiffen.pdf', 'application/pdf', 'deu', 1466354, 1, 1),
(42, 17, 'Bericht_Nr.113_B.Wagner_Auswertung_veroeffentlichter_Modellmessungen_zur_Bestimmung_der_Luftkraefte_an_Ueberwasserschiffen_bei_Schraeganstroemung.pdf', 'Bericht_Nr.113_B.Wagner_Auswertung_veroeffentlichter_Modellmessungen_zur_Bestimmung_der_Luftkraefte_an_Ueberwasserschiffen_bei_Schraeganstroemung.pdf', 'application/pdf', 'deu', 8866514, 1, 1),
(43, 18, 'Bericht_Nr.115_K.H.Kwik_Darstellung_des_Kreises_durch_ein_Polynom.pdf', 'Bericht_Nr.115_K.H.Kwik_Darstellung_des_Kreises_durch_ein_Polynom.pdf', 'application/pdf', 'deu', 664699, 1, 1),
(44, 19, 'Bericht_Nr.116_K.H.Kwik_Darstellung_symmetrischer_Joukowsky_Profile.pdf', 'Bericht_Nr.116_K.H.Kwik_Darstellung_symmetrischer_Joukowsky_Profile.pdf', 'application/pdf', 'deu', 1542717, 1, 1),
(45, 20, 'Bericht_Nr.117_K.H.Kwik_Querschleppversuche_mit_Platten_und_Schiffsmodellen.pdf', 'Bericht_Nr.117_K.H.Kwik_Querschleppversuche_mit_Platten_und_Schiffsmodellen.pdf', 'application/pdf', 'deu', 6782718, 1, 1),
(46, 21, 'Bericht_Nr.118_H.ThiemeK.H.Kwik_Manoevriertanks_in_den_Schiffbau_Versuchsanstalten_der_Welt.pdf', 'Bericht_Nr.118_H.ThiemeK.H.Kwik_Manoevriertanks_in_den_Schiffbau_Versuchsanstalten_der_Welt.pdf', 'application/pdf', 'deu', 2351534, 1, 1),
(47, 22, 'Bericht_Nr.120_H.Keil_H.Thiemann_Ein_Oszillator_zur_Ermittlung_hydrodynamischer_Massen_und_Daempfungswerte.pdf', 'Bericht_Nr.120_H.Keil_H.Thiemann_Ein_Oszillator_zur_Ermittlung_hydrodynamischer_Massen_und_Daempfungswerte.pdf', 'application/pdf', 'deu', 4208865, 1, 1),
(48, 23, 'Bericht_Nr.217_K.H.Kwik_Zur_mathematischen_Darstellung_von_Leitkopfruderprofilen.pdf', 'Bericht_Nr.217_K.H.Kwik_Zur_mathematischen_Darstellung_von_Leitkopfruderprofilen.pdf', 'application/pdf', 'deu', 536001, 1, 1),
(49, 24, 'tu_jahresbericht_2008.pdf', 'tu_jahresbericht_2008.pdf', 'application/pdf', 'deu', 842250, 1, 1),
(50, 25, 'diss_mgr.pdf', 'diss_mgr.pdf', 'application/pdf', 'deu', 12985080, 1, 1),
(51, 26, 'Bericht_Nr.391_A.Gamst_ExistenzEindeutigkeit_und_regularitt_stationrer_Wellenstrmungendie_von_Druckverteilungen_an_der_Wasseroberflche_verursacht_werden.pdf', 'Bericht_Nr.391_A.Gamst_ExistenzEindeutigkeit_und_regularitt_stationrer_Wellenstrmungendie_von_Druckverteilungen_an_der_Wasseroberflche_verursacht_werden.pdf', 'application/pdf', 'deu', 8771895, 1, 1),
(52, 27, 'Bericht_Nr.375_K.H.KwikW.Stecher_Prognosen_fr_die_Kollisionsrate_als_Resultat_von_Vernderungen_bestehender_Verkehrstrennungsgebiete.pdf', 'Bericht_Nr.375_K.H.KwikW.Stecher_Prognosen_fr_die_Kollisionsrate_als_Resultat_von_Vernderungen_bestehender_Verkehrstrennungsgebiete.pdf', 'application/pdf', 'deu', 4223365, 1, 1),
(53, 28, 'Bericht_Nr.373_K.EggersA.Gamst_An_Evaluation_of_Mapping_Procedures_for_the_Stationary_Ship_Wave_Problem.pdf', 'Bericht_Nr.373_K.EggersA.Gamst_An_Evaluation_of_Mapping_Procedures_for_the_Stationary_Ship_Wave_Problem.pdf', 'application/pdf', 'eng', 3930582, 1, 1),
(54, 29, 'BerichtNr.361_J.KuxTh.Niemeier_Erste_Messungen_mit_dem_groen_LaserVelocimeter_des_IfS_im_labor_und_an_Bord.pdf', 'BerichtNr.361_J.KuxTh.Niemeier_Erste_Messungen_mit_dem_groen_LaserVelocimeter_des_IfS_im_labor_und_an_Bord.pdf', 'application/pdf', 'deu', 1495383, 1, 1),
(55, 30, 'Bericht_Nr.372_O.Grim_Berechnung_der_hydrodynamischen_Krfte_die_auf_einen_eine_Rollbewegung_mit_groer_Amplitude_ausfhrenden_schwimmenden_Krper_wirken.pdf', 'Bericht_Nr.372_O.Grim_Berechnung_der_hydrodynamischen_Krfte_die_auf_einen_eine_Rollbewegung_mit_groer_Amplitude_ausfhrenden_schwimmenden_Krper_wirken.pdf', 'application/pdf', 'deu', 3490779, 1, 1),
(56, 31, 'Bericht_Nr.376_J.V.Wehausen_I.Georg_Weinblum_Gedchtnis_Vorlesung.pdf', 'Bericht_Nr.376_J.V.Wehausen_I.Georg_Weinblum_Gedchtnis_Vorlesung.pdf', 'application/pdf', 'deu', 1768010, 1, 1),
(57, 32, 'Bericht_Nr.344_E.Lehmann_Analytische_und_halbanalytische_Elemente_zur_Konstruktionsberechnung_schiffbaulicher_Tragwerke.pdf', 'Bericht_Nr.344_E.Lehmann_Analytische_und_halbanalytische_Elemente_zur_Konstruktionsberechnung_schiffbaulicher_Tragwerke.pdf', 'application/pdf', 'deu', 6727902, 1, 1),
(58, 33, 'Bericht_387.pdf', 'Bericht_387.pdf', 'application/pdf', 'deu', 7029007, 1, 1),
(59, 34, 'Bericht_369.pdf', 'Bericht_369.pdf', 'application/pdf', 'deu', 7962364, 1, 1),
(60, 35, 'Bericht_368.pdf', 'Bericht_368.pdf', 'application/pdf', 'eng', 2850537, 1, 1),
(61, 36, 'Bericht_Nr.380_H.Stoehrmann_Verfahren_zur_instationren_Geschwindigkeitsmessung_mit_einem_Laser_Doppler_Velocimeter.pdf', 'Bericht_Nr.380_H.Stoehrmann_Verfahren_zur_instationren_Geschwindigkeitsmessung_mit_einem_Laser_Doppler_Velocimeter.pdf', 'application/pdf', 'deu', 3282857, 1, 1),
(62, 37, 'Bericht_Nr.371_V.Flrcke_Zwei_Programme_auf_der_Basis_halbanalytischer_Volumenelemente.pdf', 'Bericht_Nr.371_V.Flrcke_Zwei_Programme_auf_der_Basis_halbanalytischer_Volumenelemente.pdf', 'application/pdf', 'deu', 4385440, 1, 1),
(63, 38, 'Bericht_348.pdf', 'Bericht_348.pdf', 'application/pdf', 'eng', 5194213, 1, 1),
(64, 39, 'Bericht_309.pdf', 'Bericht_309.pdf', 'application/pdf', 'deu', 4523357, 1, 1),
(65, 40, 'phd_uhlenbrock_bunt.pdf', 'phd_uhlenbrock_bunt.pdf', 'application/pdf', 'deu', 22529415, 1, 1),
(66, 41, 'Dissertation_Pick.pdf', 'Dissertation_Pick.pdf', 'application/pdf', 'deu', 7438819, 1, 1),
(67, 42, 'Diss_Avellan_TUHH_online.pdf', 'Diss_Avellan_TUHH_online.pdf', 'application/pdf', 'deu', 3291955, 1, 1),
(68, 43, 'di.pdf', 'di.pdf', 'application/pdf', 'deu', 1738199, 1, 1),
(69, 44, 'Einfluss_hydrostatischer_Druckbelastung_Abgabe_urn.pdf', 'Einfluss_hydrostatischer_Druckbelastung_Abgabe_urn.pdf', 'application/pdf', 'deu', 22055586, 1, 1),
(70, 45, 'Freudenthal_Diss_Buchdruck_Onlineversion_Nov09.pdf', 'Freudenthal_Diss_Buchdruck_Onlineversion_Nov09.pdf', 'application/pdf', 'eng', 2404449, 1, 1),
(71, 46, 'S0001231.pdf', 'S0001231.pdf', 'application/pdf', 'deu', 2493964, 1, 1),
(72, 47, 'Bericht_Nr.134_M.Kirsch_Flachwassereffekte_und_Kanalkorrekturen.pdf', 'Bericht_Nr.134_M.Kirsch_Flachwassereffekte_und_Kanalkorrekturen.pdf', 'application/pdf', 'deu', 7309679, 1, 1),
(73, 48, 'Bericht_Nr.149_R.Bhattacharyya_Ueber_die_Berechnung_des_Wellenwiderstandes_nach_verschiedenen_Verfahren_und_Vergleich_mit_einigen_experimentellen_Ergebnissen.pdf', 'Bericht_Nr.149_R.Bhattacharyya_Ueber_die_Berechnung_des_Wellenwiderstandes_nach_verschiedenen_Verfahren_und_Vergleich_mit_einigen_experimentellen_Ergebnissen.pdf', 'application/pdf', 'deu', 14790073, 1, 1),
(74, 49, 'Bericht_Nr.158_C.H.Kim_Ueber_den_Einflu_nichtlinearer_Effekte_auf_hydrodynamische_Kraefte_bei_erzwungenen_Tauchbewegungen_prismatischer_Koerper.pdf', 'Bericht_Nr.158_C.H.Kim_Ueber_den_Einflu_nichtlinearer_Effekte_auf_hydrodynamische_Kraefte_bei_erzwungenen_Tauchbewegungen_prismatischer_Koerper.pdf', 'application/pdf', 'deu', 8323222, 1, 1),
(75, 50, 'Bericht_Nr.175_O.Krappinger_Einige_Grundlagen_fr_die_Anwendung_quadratischer_Mittelwertrechner_bei_Seegangsversuchen.pdf', 'Bericht_Nr.175_O.Krappinger_Einige_Grundlagen_fr_die_Anwendung_quadratischer_Mittelwertrechner_bei_Seegangsversuchen.pdf', 'application/pdf', 'deu', 1687781, 1, 1),
(76, 51, 'Bericht_Nr.183_A.Kracht_Lineartheoretische_Abhandlung_ueber_die_optimale_Verringerung_des_Wellenwiderstandes_gegebener.pdf', 'Bericht_Nr.183_A.Kracht_Lineartheoretische_Abhandlung_ueber_die_optimale_Verringerung_des_Wellenwiderstandes_gegebener.pdf', 'application/pdf', 'deu', 6654694, 1, 1),
(77, 52, 'Bericht_Nr.305_H._Keil_Die_Hydrodynamischen_Kraefte_bei_der_periodischen_Bewegung_zweidimensionaler_Koerper_an_der_Oberflaeche_flacher_Gewaesser_Disserattion.pdf', 'Bericht_Nr.305_H._Keil_Die_Hydrodynamischen_Kraefte_bei_der_periodischen_Bewegung_zweidimensionaler_Koerper_an_der_Oberflaeche_flacher_Gewaesser_Disserattion.pdf', 'application/pdf', 'deu', 2468516, 1, 1),
(78, 53, 'Bericht_Nr.320_J.Bakenhus_Ein_Beitrag_zur_Beruecksichtigung_von_Risiko_und_Unsicherheiten_beim_Schiffsentwurf_Dissertation.pdf', 'Bericht_Nr.320_J.Bakenhus_Ein_Beitrag_zur_Beruecksichtigung_von_Risiko_und_Unsicherheiten_beim_Schiffsentwurf_Dissertation.pdf', 'application/pdf', 'deu', 7215059, 1, 1),
(79, 54, 'Bericht_Nr.321b_Photogrammetrische_Formbestimmung_der_Kavitationsblasen.pdf', 'Bericht_Nr.321b_Photogrammetrische_Formbestimmung_der_Kavitationsblasen.pdf', 'application/pdf', 'deu', 530301, 1, 1),
(80, 55, 'Bericht_Nr.323_K.Eggers_Basic_theory_of_wave_analysis.pdf', 'Bericht_Nr.323_K.Eggers_Basic_theory_of_wave_analysis.pdf', 'application/pdf', 'eng', 1343712, 1, 1),
(81, 56, 'Bericht_Nr.325_O.Grim_Elastische_Schwingungen_des_Schiffes_erregt_durch_nichtlineare_Kraefte_des_natuerlichen_unregelmaeigen_Seegangs.pdf', 'Bericht_Nr.325_O.Grim_Elastische_Schwingungen_des_Schiffes_erregt_durch_nichtlineare_Kraefte_des_natuerlichen_unregelmaeigen_Seegangs.pdf', 'application/pdf', 'deu', 1467553, 1, 1),
(82, 57, 'Determination_of_the_Elastic_plastic_Transition_of_Human_Enamel_by_Nanoindentation.pdf', 'Determination_of_the_Elastic_plastic_Transition_of_Human_Enamel_by_Nanoindentation.pdf', 'application/pdf', 'eng', 892488, 1, 1),
(83, 58, 'Bechtle_et_al_The_Fracture_Behaviour_of_Dental_Enamel_Biomaterials_2010.pdf', 'Bechtle_et_al_The_Fracture_Behaviour_of_Dental_Enamel_Biomaterials_2010.pdf', 'application/pdf', 'eng', 2172613, 1, 1),
(84, 59, 'Building_on_experience_projects.pdf', 'Building_on_experience_projects.pdf', 'application/pdf', 'deu', 31286357, 1, 1),
(85, 60, 'Building_on_experience_material.pdf', 'Building_on_experience_material.pdf', 'application/pdf', 'deu', 35369653, 1, 1),
(86, 62, 'KNN_LS.pdf', 'KNN_LS.pdf', 'application/pdf', 'eng', 363485, 1, 1),
(87, 63, 'JECS.pdf', 'JECS.pdf', 'application/pdf', 'eng', 1710249, 1, 1),
(88, 64, 'Effect_of_MnO2_on_the_dielectric_and_piezoelectric_propert.pdf', 'Effect_of_MnO2_on_the_dielectric_and_piezoelectric_propert.pdf', 'application/pdf', 'eng', 873516, 1, 1),
(89, 65, 'Size_dependent_Elastic_Inelastic_Behavior_of_Enamel_over_Millimeter_and_Nanometer_Length_Scales.pdf', 'Size_dependent_Elastic_Inelastic_Behavior_of_Enamel_over_Millimeter_and_Nanometer_Length_Scales.pdf', 'application/pdf', 'eng', 2179053, 1, 1),
(90, 66, 'Bericht_Nr.336_M.Scheinpflug_Nachstrommessungen_an_einem_Schiffsmodell_im_Windkanal.pdf', 'Bericht_Nr.336_M.Scheinpflug_Nachstrommessungen_an_einem_Schiffsmodell_im_Windkanal.pdf', 'application/pdf', 'deu', 460673, 1, 1),
(91, 67, 'Bericht_Nr.342_W.Schoettelndreyer_Der_Einfluss_des_Ladungsmengenrisikos_auf_die_optimale_Flottenstruktur_von_Handelsschiffen_im_Liniendienst.pdf', 'Bericht_Nr.342_W.Schoettelndreyer_Der_Einfluss_des_Ladungsmengenrisikos_auf_die_optimale_Flottenstruktur_von_Handelsschiffen_im_Liniendienst.pdf', 'application/pdf', 'deu', 3281284, 1, 1),
(92, 68, 'Bericht_Nr.345_GrimOltmannSharmaWolff_CPMC_A_Novel_Facility_for_Planar_Motion_Testing_of_Ship_Models.pdf', 'Bericht_Nr.345_GrimOltmannSharmaWolff_CPMC_A_Novel_Facility_for_Planar_Motion_Testing_of_Ship_Models.pdf', 'application/pdf', 'deu', 3110300, 1, 1),
(93, 69, 'Bericht_Nr.333_U.KeilP.Schenzle_Modellversuche_mit_extrem_breiten_Schiffsformen.pdf', 'Bericht_Nr.333_U.KeilP.Schenzle_Modellversuche_mit_extrem_breiten_Schiffsformen.pdf', 'application/pdf', 'deu', 2739782, 1, 1),
(94, 70, 'Bericht_Nr.353_K.Limbach_Behaviour_of_Navigators_in_Critical_Traffic_Situations.pdf', 'Bericht_Nr.353_K.Limbach_Behaviour_of_Navigators_in_Critical_Traffic_Situations.pdf', 'application/pdf', 'deu', 836874, 1, 1),
(95, 71, 'Bericht_Nr.362_B.Zimmermann_Berechnung_des_durch_die_Kavitationsgebiete_auf_den_Propellerflgeln_an_einer_Platte_induzierten_instationren_Druckes.pdf', 'Bericht_Nr.362_B.Zimmermann_Berechnung_des_durch_die_Kavitationsgebiete_auf_den_Propellerflgeln_an_einer_Platte_induzierten_instationren_Druckes.pdf', 'application/pdf', 'deu', 3209978, 1, 1),
(96, 72, 'Bericht_Nr.363_O.Grim_Tauch_und_Stampfbewegung_2_Bewegungen_Krfte_und_Druckverteilungen.pdf', 'Bericht_Nr.363_O.Grim_Tauch_und_Stampfbewegung_2_Bewegungen_Krfte_und_Druckverteilungen.pdf', 'application/pdf', 'deu', 1202307, 1, 1),
(97, 73, 'Bericht_Nr.379_W.Blendermann_Berechnung_von_Trossensystemen_nach_der_Klaffungsmethode.pdf', 'Bericht_Nr.379_W.Blendermann_Berechnung_von_Trossensystemen_nach_der_Klaffungsmethode.pdf', 'application/pdf', 'deu', 1513853, 1, 1),
(98, 74, 'Bericht_Nr.382_F._U.Haeusler_Festigkeit_von_schwimmenden_Eisdecken.pdf', 'Bericht_Nr.382_F._U.Haeusler_Festigkeit_von_schwimmenden_Eisdecken.pdf', 'application/pdf', 'deu', 5055618, 1, 1),
(99, 75, 'Bericht_Nr.285_Vergleichende_Windkanalversuche_mit_einem_Leitkopfruder_und_einem_Balanceruder.pdf', 'Bericht_Nr.285_Vergleichende_Windkanalversuche_mit_einem_Leitkopfruder_und_einem_Balanceruder.pdf', 'application/pdf', 'deu', 2517172, 1, 1),
(100, 76, 'Bericht_Nr.299_W.AbichtG.Tulinius_Zur_Frage_des_Trimmausgleichs_bei_der_Berechnung_des_aufrichtenden_Moments_im_lngslaufenden_Seegang.pdf', 'Bericht_Nr.299_W.AbichtG.Tulinius_Zur_Frage_des_Trimmausgleichs_bei_der_Berechnung_des_aufrichtenden_Moments_im_lngslaufenden_Seegang.pdf', 'application/pdf', 'deu', 2388335, 1, 1),
(101, 77, 'Untersuchung_von_Schichtsystemen_fr_kristallisierte_Kilian_Ong.pdf', 'Untersuchung_von_Schichtsystemen_fr_kristallisierte_Kilian_Ong.pdf', 'application/pdf', 'deu', 7412627, 1, 1),
(102, 78, 'Bericht_Nr.338_E.A.Weitendorf_Kavitationseinflsse_auf_die_vom_Propeller_induzierten_Druckschwankungen.pdf', 'Bericht_Nr.338_E.A.Weitendorf_Kavitationseinflsse_auf_die_vom_Propeller_induzierten_Druckschwankungen.pdf', 'application/pdf', 'deu', 6089037, 1, 1),
(103, 79, 'Diss_Hauschild.pdf', 'Diss_Hauschild.pdf', 'application/pdf', 'deu', 3347471, 1, 1),
(104, 80, 'upload_habil_honl_tuhh_bibl.pdf', 'upload_habil_honl_tuhh_bibl.pdf', 'application/pdf', 'deu', 5737055, 1, 1),
(105, 81, 'IWMS_09022010.pdf', 'IWMS_09022010.pdf', 'application/pdf', 'deu', 8368973, 1, 1),
(106, 82, 'TUB_Doc_Version.pdf', 'TUB_Doc_Version.pdf', 'application/pdf', 'eng', 1127251, 1, 1),
(107, 83, 'TUB_DOC_Version.pdf', 'TUB_DOC_Version.pdf', 'application/pdf', 'eng', 1159982, 1, 1),
(108, 84, 'e_book_koll_final_A.pdf', 'e_book_koll_final_A.pdf', 'application/pdf', 'deu', 6658632, 1, 1),
(109, 84, 'e_book_koll_final.pdf', 'e_book_koll_final.pdf', 'application/pdf', 'deu', 4227869, 1, 1),
(110, 85, 'Bericht_Nr.006_H.Baumann_Erzeugung_und_Vernichtung_von_Wasserwellen.pdf', 'Bericht_Nr.006_H.Baumann_Erzeugung_und_Vernichtung_von_Wasserwellen.pdf', 'application/pdf', 'deu', 6803749, 1, 1),
(111, 86, 'Bericht_Nr.007_K.Wieghardt_On_a_Simple_Method_for_Calculating_Laminar_Boundary_Layers.pdf', 'Bericht_Nr.007_K.Wieghardt_On_a_Simple_Method_for_Calculating_Laminar_Boundary_Layers.pdf', 'application/pdf', 'eng', 580979, 1, 1),
(112, 87, 'Bericht_Nr.016_HughesWieghardt_ber_den_Reibungswiderstand_von_Platten.pdf', 'Bericht_Nr.016_HughesWieghardt_ber_den_Reibungswiderstand_von_Platten.pdf', 'application/pdf', 'deu', 648307, 1, 1),
(113, 88, 'Bericht_Nr.087_M.Kirsch_Die_Behandlung_von_Problemen_der_Schiffstheorie_mit_Hilfe_eines_elektronischen_Rechenautomaten.pdf', 'Bericht_Nr.087_M.Kirsch_Die_Behandlung_von_Problemen_der_Schiffstheorie_mit_Hilfe_eines_elektronischen_Rechenautomaten.pdf', 'application/pdf', 'deu', 857291, 1, 1),
(114, 89, 'Bericht_Nr.083_K.Wieghardt_berblick_ber_die_Strmungslehre.pdf', 'Bericht_Nr.083_K.Wieghardt_berblick_ber_die_Strmungslehre.pdf', 'application/pdf', 'deu', 595340, 1, 1),
(115, 90, 'Einzelseiten_ok.pdf', 'Einzelseiten_ok.pdf', 'application/pdf', 'eng', 2360191, 1, 1);

--
-- Daten für Tabelle `document_identifiers`
--

INSERT INTO `document_identifiers` (`id`, `document_id`, `type`, `value`) VALUES
(2, 1, 'urn', 'urn:nbn:de:gbv:830-opus-225'),
(3, 1, 'opus3-id', '22'),
(5, 2, 'urn', 'urn:nbn:de:gbv:830-opus-372'),
(6, 2, 'opus3-id', '37'),
(8, 3, 'urn', 'urn:nbn:de:gbv:830-opus-385'),
(9, 3, 'opus3-id', '38'),
(11, 4, 'urn', 'urn:nbn:de:gbv:830-opus-398'),
(12, 4, 'opus3-id', '39'),
(14, 5, 'urn', 'urn:nbn:de:gbv:830-opus-478'),
(15, 5, 'opus3-id', '47'),
(17, 6, 'urn', 'urn:nbn:de:gbv:830-opus-462'),
(18, 6, 'opus3-id', '46'),
(20, 7, 'urn', 'urn:nbn:de:gbv:830-opus-426'),
(21, 7, 'opus3-id', '42'),
(23, 8, 'urn', 'urn:nbn:de:gbv:830-opus-480'),
(24, 8, 'opus3-id', '48'),
(26, 9, 'opus3-id', '50'),
(28, 10, 'urn', 'urn:nbn:de:gbv:830-opus-514'),
(29, 10, 'opus3-id', '51'),
(30, 11, 'uuid', '18117907-8dc5-465e-a2e1-d9e24271055f'),
(31, 11, 'opus3-id', '595'),
(32, 11, 'opac-id', '60731964X'),
(33, 12, 'uuid', '9e0ef6af-17d4-4f94-8c95-d008ea1c2034'),
(34, 12, 'opus3-id', '597'),
(35, 12, 'opac-id', '607319844'),
(37, 13, 'opus3-id', '653'),
(38, 13, 'opac-id', '607320109'),
(40, 14, 'opus3-id', '654'),
(41, 14, 'opac-id', '607320346'),
(43, 15, 'opus3-id', '655'),
(44, 15, 'opac-id', '607320524'),
(46, 16, 'opus3-id', '656'),
(47, 16, 'opac-id', '607320672'),
(49, 17, 'opus3-id', '657'),
(50, 17, 'opac-id', '607320915'),
(52, 18, 'opus3-id', '658'),
(53, 18, 'opac-id', '607321113'),
(55, 19, 'opus3-id', '659'),
(56, 19, 'opac-id', '60732306X'),
(58, 20, 'opus3-id', '660'),
(59, 20, 'opac-id', '607323302'),
(61, 21, 'opus3-id', '661'),
(62, 21, 'opac-id', '607323523'),
(64, 22, 'opus3-id', '663'),
(65, 22, 'opac-id', '607323787'),
(67, 23, 'opus3-id', '790'),
(68, 23, 'opac-id', '608652326'),
(70, 24, 'urn', 'urn:nbn:de:gbv:830-tubdok-7911'),
(71, 24, 'opus3-id', '791'),
(73, 25, 'urn', 'urn:nbn:de:gbv:830-tubdok-7922'),
(74, 25, 'opus3-id', '792'),
(75, 25, 'opac-id', '609709518'),
(77, 26, 'opus3-id', '793'),
(78, 26, 'opac-id', '609914456'),
(80, 27, 'opus3-id', '794'),
(81, 27, 'opac-id', '609914685'),
(83, 28, 'opus3-id', '795'),
(84, 28, 'opac-id', '609914863'),
(86, 29, 'opus3-id', '796'),
(87, 29, 'opac-id', '609914979'),
(89, 30, 'opus3-id', '797'),
(90, 30, 'opac-id', '609915258'),
(92, 31, 'opus3-id', '798'),
(93, 31, 'opac-id', '609915428'),
(95, 32, 'opus3-id', '800'),
(96, 32, 'opac-id', '610430327'),
(98, 33, 'opus3-id', '801'),
(99, 33, 'opac-id', '610430815'),
(101, 34, 'opus3-id', '802'),
(102, 34, 'opac-id', '61043120X'),
(104, 35, 'opus3-id', '803'),
(105, 35, 'opac-id', '610431552'),
(107, 36, 'opus3-id', '804'),
(108, 36, 'opac-id', '611303663'),
(110, 37, 'opus3-id', '805'),
(111, 37, 'opac-id', '611303779'),
(113, 38, 'opus3-id', '806'),
(114, 38, 'opac-id', '611303965'),
(116, 39, 'opus3-id', '807'),
(117, 39, 'opac-id', '611304430'),
(119, 40, 'urn', 'urn:nbn:de:gbv:830-tubdok-7993'),
(120, 40, 'opus3-id', '799'),
(121, 40, 'opac-id', '611675579'),
(123, 41, 'isbn', '978-3-18-333911-2'),
(124, 41, 'urn', 'urn:nbn:de:gbv:830-tubdok-8093'),
(125, 41, 'opus3-id', '809'),
(126, 41, 'opac-id', '611917041'),
(128, 42, 'urn', 'urn:nbn:de:gbv:830-tubdok-8105'),
(129, 42, 'opus3-id', '810'),
(130, 42, 'opac-id', '612933598'),
(132, 43, 'isbn', '3-18-333912-9'),
(133, 43, 'urn', 'urn:nbn:de:gbv:830-tubdok-8118'),
(134, 43, 'opus3-id', '811'),
(135, 43, 'opac-id', '613123506'),
(137, 44, 'urn', 'urn:nbn:de:gbv:830-tubdok-8126'),
(138, 44, 'opus3-id', '812'),
(139, 44, 'opac-id', '613850254'),
(141, 45, 'isbn', '978-3-941492-09-7'),
(142, 45, 'urn', 'urn:nbn:de:gbv:830-tubdok-8135'),
(143, 45, 'opus3-id', '813'),
(144, 45, 'opac-id', '613848810'),
(146, 46, 'urn', 'urn:nbn:de:gbv:830-tubdok-8148'),
(147, 46, 'opus3-id', '814'),
(148, 46, 'opac-id', '614350778'),
(150, 47, 'opus3-id', '815'),
(151, 47, 'opac-id', '614625777'),
(153, 48, 'opus3-id', '816'),
(154, 48, 'opac-id', '614626293'),
(156, 49, 'opus3-id', '817'),
(157, 49, 'opac-id', '614626447'),
(159, 50, 'opus3-id', '818'),
(160, 50, 'opac-id', '614629144'),
(162, 51, 'opus3-id', '819'),
(163, 51, 'opac-id', '614632609'),
(165, 52, 'opus3-id', '820'),
(166, 52, 'opac-id', '61463489X'),
(168, 53, 'opus3-id', '821'),
(169, 53, 'opac-id', '614639662'),
(171, 54, 'opus3-id', '822'),
(172, 54, 'opac-id', '614642388'),
(174, 55, 'opus3-id', '823'),
(175, 55, 'opac-id', '614645832'),
(177, 56, 'opus3-id', '824'),
(178, 56, 'opac-id', '614651980'),
(180, 57, 'opus3-id', '825'),
(181, 57, 'opac-id', '61465842X'),
(183, 58, 'opus3-id', '826'),
(184, 58, 'opac-id', '614798345'),
(186, 59, 'isbn', '978-3-940344-26-7'),
(187, 59, 'urn', 'urn:nbn:de:gbv:830-tubdok-8275'),
(188, 59, 'opus3-id', '827'),
(189, 59, 'opac-id', '615367801'),
(191, 60, 'urn', 'urn:nbn:de:gbv:830-tubdok-8285'),
(192, 60, 'opus3-id', '828'),
(193, 60, 'opac-id', '615397271'),
(199, 62, 'opus3-id', '830'),
(200, 62, 'opac-id', '616349122'),
(202, 63, 'opus3-id', '831'),
(203, 63, 'opac-id', '616366019'),
(205, 64, 'opus3-id', '832'),
(206, 64, 'opac-id', '616367511'),
(208, 65, 'opus3-id', '833'),
(209, 65, 'opac-id', '616621892'),
(211, 66, 'opus3-id', '834'),
(212, 66, 'opac-id', '616719825'),
(214, 67, 'opus3-id', '835'),
(215, 67, 'opac-id', '616742185'),
(217, 68, 'opus3-id', '836'),
(218, 68, 'opac-id', '616743009'),
(220, 69, 'opus3-id', '837'),
(221, 69, 'opac-id', '616743599'),
(223, 70, 'opus3-id', '838'),
(224, 70, 'opac-id', '616743866'),
(226, 71, 'opus3-id', '839'),
(227, 71, 'opac-id', '616744552'),
(229, 72, 'opus3-id', '840'),
(230, 72, 'opac-id', '616745265'),
(232, 73, 'opus3-id', '841'),
(233, 73, 'opac-id', '616746113'),
(235, 74, 'opus3-id', '842'),
(236, 74, 'opac-id', '616746350'),
(238, 75, 'opus3-id', '843'),
(239, 75, 'opac-id', '616746547'),
(241, 76, 'opus3-id', '844'),
(242, 76, 'opac-id', '616825641'),
(244, 77, 'urn', 'urn:nbn:de:gbv:830-tubdok-8468'),
(245, 77, 'opus3-id', '846'),
(246, 77, 'opac-id', '617350582'),
(248, 78, 'opus3-id', '847'),
(249, 78, 'opac-id', '618098828'),
(251, 79, 'isbn', '9783868533323'),
(252, 79, 'urn', 'urn:nbn:de:gbv:830-tubdok-8487'),
(253, 79, 'opus3-id', '848'),
(254, 79, 'opac-id', '618567836'),
(256, 80, 'urn', 'urn:nbn:de:gbv:830-tubdok-8497'),
(257, 80, 'opus3-id', '849'),
(258, 80, 'opac-id', '618730028'),
(260, 81, 'urn', 'urn:nbn:de:gbv:830-tubdok-8509'),
(261, 81, 'opus3-id', '850'),
(262, 81, 'opac-id', '618772081'),
(264, 82, 'opus3-id', '851'),
(265, 82, 'opac-id', '619948779'),
(267, 83, 'opus3-id', '852'),
(268, 83, 'opac-id', '619950374'),
(270, 84, 'urn', 'urn:nbn:de:gbv:830-tubdok-8459'),
(271, 84, 'opus3-id', '845'),
(272, 84, 'opac-id', '620102276'),
(274, 85, 'opus3-id', '853'),
(275, 85, 'opac-id', '62010516X'),
(277, 86, 'opus3-id', '854'),
(278, 86, 'opac-id', '620107332'),
(280, 87, 'opus3-id', '855'),
(281, 87, 'opac-id', '620108487'),
(283, 88, 'opus3-id', '856'),
(284, 88, 'opac-id', '620116226'),
(286, 89, 'opus3-id', '857'),
(287, 89, 'opac-id', '620116722'),
(289, 90, 'isbn', '9783941492141'),
(290, 90, 'urn', 'urn:nbn:de:gbv:830-tubdok-8582'),
(291, 90, 'opus3-id', '858'),
(292, 90, 'opac-id', '620382341'),
(381, 1, 'uuid', 'fe9fef56-870e-46f0-9350-503d577f62df'),
(382, 2, 'uuid', '88719d13-10b4-4429-9d68-23e3e6dbc318'),
(383, 3, 'uuid', '2d06ff09-46a7-4edb-84e0-4c865dae6e0c'),
(384, 4, 'uuid', '868f9647-8df5-4d58-b456-0c26e4a81081'),
(385, 5, 'uuid', '2490d722-3f16-456e-abcb-8cd61b3d4dae'),
(399, 6, 'uuid', '316f13fa-8f0b-4fef-b2da-b30af7940796'),
(413, 7, 'uuid', '7eb7c4ec-2458-4253-8677-48ab6ffb3e3e'),
(414, 8, 'uuid', '8791d24d-ae9f-4283-b912-c2fa811b7d44'),
(415, 9, 'uuid', '90c89f07-af90-4f88-8269-42f4b0d7841c'),
(416, 10, 'uuid', 'de33171c-6e61-4814-a19d-1f7c8da1b00b'),
(417, 13, 'uuid', 'dd702482-c713-4a23-a1f6-e04538850db9'),
(418, 14, 'uuid', '6d87bda7-e6ea-4825-ba0c-0a74fd5d39fc'),
(419, 15, 'uuid', 'e0546642-2566-478b-9e6f-4b42ac112e8f'),
(420, 16, 'uuid', '77001b79-ea77-4661-8642-6005ebbaf00a'),
(421, 17, 'uuid', 'c708a76f-f2ca-4a46-9a84-9c61c678e068'),
(422, 18, 'uuid', '989cfc0e-e399-4e41-90dd-7d27616cd03a'),
(423, 19, 'uuid', '60bf4a27-f6fc-422e-bb65-a9547f0285d3'),
(424, 20, 'uuid', '2f0568e8-a713-4570-95fd-ae6cef2a7712'),
(425, 21, 'uuid', 'f0c446aa-0d06-4ecb-bf72-bd055cf1321a'),
(426, 22, 'uuid', 'bea73f76-2110-4b03-9161-d3f160c0eda7'),
(427, 23, 'uuid', '846b2363-5d97-4cd2-89da-4ee9de701887'),
(428, 24, 'uuid', '2758843f-4704-4f8e-9e02-b8883e3ef24f'),
(429, 25, 'uuid', 'b97f783f-68a6-479a-af1c-e8f307c04e36'),
(430, 26, 'uuid', '0ce949e1-62e2-4501-a914-f1beb848dc28'),
(431, 27, 'uuid', '0350591c-a90d-407d-aeb1-b7f6a105b3cd'),
(432, 28, 'uuid', '2b6b910e-40e6-4ce7-a304-ee7967a91f4f'),
(433, 29, 'uuid', 'dfd812cb-0df4-431a-9d67-294a5ea6e47a'),
(434, 30, 'uuid', 'fd796cb6-548c-4dc6-b30c-fcb48a76b73a'),
(435, 31, 'uuid', '886e5d93-4510-4f86-a79c-06e8fbae91ea'),
(436, 32, 'uuid', 'b647d29c-5f0e-4731-a91a-5d8671e63890'),
(437, 33, 'uuid', '749813d1-6975-462c-ba3d-99131b1dd8b5'),
(438, 34, 'uuid', '58f6e1ff-c118-43ce-8636-1d5737e3defd'),
(439, 35, 'uuid', '1114e552-fd17-49fb-ae4f-399868d005e9'),
(440, 36, 'uuid', '003e96ef-e3ac-400f-9461-234c221bc7a8'),
(441, 37, 'uuid', 'c9a2d877-167d-48f8-a574-40a70f8963bd'),
(442, 38, 'uuid', '71b9d6ac-5cb9-46d6-a124-745b965e1076'),
(443, 39, 'uuid', '2419cbea-8710-4157-b7ba-332d46205497'),
(444, 40, 'uuid', 'b099ea4f-f6f2-4c8e-8269-a2ff8a6bc0d7'),
(445, 41, 'uuid', 'c3006751-45f7-4082-9bf5-d455aa2b37ac'),
(446, 42, 'uuid', '204556f8-388b-44cb-9b1a-76ef0960a874'),
(447, 43, 'uuid', 'aa7c4e21-bf01-4ca5-ba2a-20313fe98e21'),
(448, 44, 'uuid', '9d440075-80bd-46e5-b2a6-4292457cfaac'),
(449, 45, 'uuid', '88286d33-169f-42ad-8780-e87e0178acf8'),
(450, 46, 'uuid', 'fec53752-ad35-4ae3-841e-4733eb0806b6'),
(451, 47, 'uuid', 'c54f4d02-ce74-4689-9d07-5a2aa47603a4'),
(452, 48, 'uuid', '2ac7c204-d22a-403a-9182-ab8cc4bcb8a5'),
(453, 49, 'uuid', 'fe9d5c88-724e-424f-bf4f-8401bfcc0e6b'),
(454, 50, 'uuid', '3d4c38f8-f33b-4306-b691-ba31ca1e6b97'),
(455, 51, 'uuid', '56dedc35-832e-42c1-94b1-1d39d679ee4c'),
(456, 52, 'uuid', 'd5430932-503c-4ee3-b969-2aad30304181'),
(457, 53, 'uuid', '60ba1a91-919b-4a61-8737-b5a130d8c385'),
(458, 54, 'uuid', 'ce2fd049-b5e0-4382-9d28-0c6f0249be1f'),
(459, 55, 'uuid', 'f3b34b99-0cd3-4c35-bfae-a034b3160bed'),
(460, 56, 'uuid', 'b6face47-254d-4d91-a0e1-68dfc95f256f'),
(461, 57, 'uuid', '6c4e0593-a2c1-4534-8f76-78be623055ea'),
(462, 58, 'uuid', '4128d07c-e21d-4ce2-88f1-53e97f64d8e0'),
(463, 59, 'uuid', '367efee6-22e6-41f6-b9de-fce692edb736'),
(464, 60, 'uuid', '98bf3f7b-f0a3-47cf-9801-2c684b1ae093'),
(465, 62, 'uuid', 'b733af99-a1ae-465f-a4a2-79b962a1291f'),
(466, 63, 'uuid', '9ad0047a-042c-427f-ac8f-2af5637e052f'),
(467, 64, 'uuid', '2ab6e1e0-414d-412a-bc5a-7f0d4b68139a'),
(468, 65, 'uuid', '9a017e9b-9896-493c-9454-7d1635db14be'),
(469, 66, 'uuid', '018d8af6-6c2c-4b29-981f-c88036c4f21d'),
(470, 67, 'uuid', 'fc0d591a-6231-4981-9f5f-3725a9f65d43'),
(471, 68, 'uuid', 'da7702e7-26bc-4b78-ac4c-d0d76c9283aa'),
(472, 69, 'uuid', '3ea33f24-3314-416f-99b6-285f8836e3c4'),
(473, 70, 'uuid', '120a74c9-9523-44b8-935f-2adcbff4717c'),
(474, 71, 'uuid', 'cd804973-5f6d-4d49-ad52-fa123a188c52'),
(475, 72, 'uuid', 'd70205fa-40c7-42d4-a97c-be21df579822'),
(476, 73, 'uuid', 'f9a14302-3706-4aad-ac7e-72389a45297a'),
(477, 74, 'uuid', 'e51ae015-527d-4ceb-ac0a-507829652c3f'),
(478, 75, 'uuid', '69d43710-80f2-48db-8433-5e5830e9a5f4'),
(479, 76, 'uuid', '1b48994b-dae8-441c-a27f-332ab1de3e99'),
(480, 77, 'uuid', 'b567753b-cb7e-47bd-aee3-6d146047972c'),
(481, 78, 'uuid', '4a091b18-2e88-4f84-bb26-575c94cb0b50'),
(482, 79, 'uuid', '6ed22f38-b203-4ced-96e3-a64159ea50c5'),
(483, 80, 'uuid', 'eae97fec-68ad-46f6-aaac-1af49f123667'),
(484, 81, 'uuid', 'cf73afd9-a2eb-4db9-a442-f031f88e9137'),
(485, 82, 'uuid', '0875fc88-0a37-4f97-9108-d0ffb3671848'),
(486, 83, 'uuid', 'd19fae17-2a9e-4402-9e1c-bc1dae3a07ba'),
(488, 84, 'uuid', '751d223f-76b7-4ce1-8088-e4080c22f4e9'),
(489, 85, 'uuid', '51f9d0e8-d0b1-4eab-b441-6e0b6e2f0868'),
(490, 86, 'uuid', '0f2d5839-e046-4af2-8c42-821bf9db4014'),
(491, 87, 'uuid', '2cf1ba51-aa45-4f0d-8cf3-6569d8f70154'),
(492, 88, 'uuid', '3c101d74-8aa1-4546-b2a6-73aebc5c1ef2'),
(493, 89, 'uuid', '64dbb544-f769-4a16-8494-571c4f9ef2b1'),
(494, 90, 'uuid', '99a69275-979e-48fa-85a2-b119c2cdc313');

--
-- Daten für Tabelle `document_licences`
--

INSERT INTO `document_licences` (`id`, `active`, `comment_internal`, `desc_markup`, `desc_text`, `language`, `link_licence`, `link_logo`, `link_sign`, `mime_type`, `name_long`, `pod_allowed`, `sort_order`) VALUES
(21, 1, 'http://linws.b.tu-harburg.de:8080/cocoon/tubdok/formblatt_pod.pdf', '', 'Der Veröffentlichungsvertrag für Publikationen mit Print on Demand. Damit geben Sie der Universitätsbibliothek der Technischen Universität Hamburg-Harburg das (nicht-exklusive) Recht, die Arbeit weltweit frei zugänglich im Internet zu veröffentlichen.\nSie bleiben als AutorIn selbstverständlich aber EigentümerIn der Urheberrechte und haben weiterhin das Recht, die Publikation anderweitig zu veröffentlichen, zu verändern oder in sonstiger Weise zu verwerten.\n Sie geben einem Leser die Möglichkeit, mit unserer Vermittlung ein Print-on-Demand-Exemplar herzustellen. Es handelt sich um einen Zusatz-Service ohne kommerzielle Interessen.', 'deu', '/doku/lic_mit_pod.php', '/Icons/unilogo.gif', '/doku/lizenzen/formblatt_pod.pdf', 'text/html', 'Veröffentlichungsvertrag für Publikationen mit Print on Demand', 1, 5),
(22, 1, 'http://linws.b.tu-harburg.de:8080/cocoon/tubdok/formblatt.pdf', '', 'Der Veröffentlichungsvertrag für Publikationen ohne Print on Demand. Damit geben Sie der Universitätsbibliothek der Technischen Universität Hamburg-Harburg das (nicht-exklusive) Recht, die Arbeit weltweit frei zugänglich im Internet zu veröffentlichen.\nSie bleiben als AutorIn selbstverständlich aber EigentümerIn der Urheberrechte und haben weiterhin das Recht, die Publikation anderweitig zu veröffentlichen, zu verändern oder in sonstiger Weise zu verwerten. Der Zusatzservice Print on Demand wird hier ausgeschlossen.', 'deu', '/doku/lic_ohne_pod.php', '/Icons/unilogo.gif', '/doku/lizenzen/formblatt.pdf', 'text/html', 'Veröffentlichungsvertrag für Publikationen ohne Print on Demand', 0, 6),
(20, 0, null, null, 'Lizenz für Unit Testing.', 'deu', '/dummy.pdf', null, null, null, 'Lizenz für Unit Testing', 1, 7);
--
-- Daten für Tabelle `document_notes`
--

INSERT INTO `document_notes` (`id`, `document_id`, `message`, `visibility`) VALUES
(1, 11, '© Technische Universität Hamburg-Harburg<br/>\nSchriftenreihe Schiffbau<br/>\nSchwarzenbergstraße 95c<br/>\nD-21073 Hamburg<br/>\n<a href="http://www.tuhh.de/vss" target="_blank">http://www.tuhh.de/vss</a>', 'public'),
(2, 12, '© Technische Universität Hamburg-Harburg<br/>\nSchriftenreihe Schiffbau<br/>\nSchwarzenbergstraße 95c<br/>\nD-21073 Hamburg<br/>\n<a href="http://www.tuhh.de/vss" target="_blank">http://www.tuhh.de/vss</a>', 'public'),
(3, 13, '© Technische Universität Hamburg-Harburg<br/>\nSchriftenreihe Schiffbau<br/>\nSchwarzenbergstraße 95c<br/>\nD-21073 Hamburg<br/>\n<a href="http://www.tuhh.de/vss" target="_blank">http://www.tuhh.de/vss</a>', 'public'),
(4, 14, '© Technische Universität Hamburg-Harburg<br/>\nSchriftenreihe Schiffbau<br/>\nSchwarzenbergstraße 95c<br/>\nD-21073 Hamburg<br/>\n<a href="http://www.tuhh.de/vss" target="_blank">http://www.tuhh.de/vss</a>', 'public'),
(5, 15, '© Technische Universität Hamburg-Harburg<br/>\nSchriftenreihe Schiffbau<br/>\nSchwarzenbergstraße 95c<br/>\nD-21073 Hamburg<br/>\n<a href="http://www.tuhh.de/vss" target="_blank">http://www.tuhh.de/vss</a>', 'public'),
(6, 16, '© Technische Universität Hamburg-Harburg<br/>\nSchriftenreihe Schiffbau<br/>\nSchwarzenbergstraße 95c<br/>\nD-21073 Hamburg<br/>\n<a href="http://www.tuhh.de/vss" target="_blank">http://www.tuhh.de/vss</a>', 'public'),
(7, 17, '© Technische Universität Hamburg-Harburg<br/>\nSchriftenreihe Schiffbau<br/>\nSchwarzenbergstraße 95c<br/>\nD-21073 Hamburg<br/>\n<a href="http://www.tuhh.de/vss" target="_blank">http://www.tuhh.de/vss</a>', 'public'),
(8, 18, '© Technische Universität Hamburg-Harburg<br/>\nSchriftenreihe Schiffbau<br/>\nSchwarzenbergstraße 95c<br/>\nD-21073 Hamburg<br/>\n<a href="http://www.tuhh.de/vss" target="_blank">http://www.tuhh.de/vss</a>', 'public'),
(9, 19, '© Technische Universität Hamburg-Harburg<br/>\nSchriftenreihe Schiffbau<br/>\nSchwarzenbergstraße 95c<br/>\nD-21073 Hamburg<br/>\n<a href="http://www.tuhh.de/vss" target="_blank">http://www.tuhh.de/vss</a>', 'public'),
(10, 20, '© Technische Universität Hamburg-Harburg<br/>\nSchriftenreihe Schiffbau<br/>\nSchwarzenbergstraße 95c<br/>\nD-21073 Hamburg<br/>\n<a href="http://www.tuhh.de/vss" target="_blank">http://www.tuhh.de/vss</a>', 'public'),
(11, 21, '© Technische Universität Hamburg-Harburg<br/>\nSchriftenreihe Schiffbau<br/>\nSchwarzenbergstraße 95c<br/>\nD-21073 Hamburg<br/>\n<a href="http://www.tuhh.de/vss" target="_blank">http://www.tuhh.de/vss</a>', 'public'),
(12, 22, '© Technische Universität Hamburg-Harburg<br/>\nSchriftenreihe Schiffbau<br/>\nSchwarzenbergstraße 95c<br/>\nD-21073 Hamburg<br/>\n<a href="http://www.tuhh.de/vss" target="_blank">http://www.tuhh.de/vss</a>', 'public'),
(13, 82, 'TUB_Doc_Version.pdf: mixed-mode stress intensity factors for kink cracks', 'public'),
(14, 83, 'TUB_DOC_Version.pdf: Crack arrest within teeth...', 'public'),
(15, 84, 'e_book_koll_final_A.pdf: PDF/A  für die Langzeitarchivierung', 'public'),
(16, 84, 'e_book_koll_final.pdf: Mit funktionierenden Verweisungen im Dokument!', 'public');

--
-- Daten für Tabelle `document_subjects`
--

INSERT INTO `document_subjects` (`id`, `document_id`, `language`, `type`, `value`, `external_key`) VALUES
(1, 1, 'deu', 'swd', 'Informationssystem', NULL),
(2, 1, 'deu', 'swd', 'Geschichte', NULL),
(3, 1, 'deu', 'swd', 'Ostwald, Wilhelm', NULL),
(4, 1, 'deu', 'swd', 'Informations- und Dokumentationswissenschaft', NULL),
(5, 1, 'eng', 'uncontrolled', 'Wilhelm Ostwald', NULL),
(6, 1, 'eng', 'uncontrolled', 'information science', NULL),
(7, 1, 'eng', 'uncontrolled', 'history', NULL),
(8, 2, 'deu', 'swd', 'Informationskompetenz, Universitätsbibliothek', NULL),
(9, 2, 'deu', 'swd', 'Lebenslanges Lernen', NULL),
(10, 2, 'deu', 'swd', 'Ingenieurstudent', NULL),
(11, 2, 'eng', 'uncontrolled', 'information literacy', NULL),
(12, 2, 'eng', 'uncontrolled', 'engineering education', NULL),
(13, 2, 'eng', 'uncontrolled', 'university library', NULL),
(14, 2, 'eng', 'uncontrolled', 'lifelong learning', NULL),
(15, 3, 'deu', 'swd', 'MOS', NULL),
(16, 3, 'deu', 'swd', 'Dynamisches RAM', NULL),
(17, 3, 'eng', 'uncontrolled', 'MOS-structure', NULL),
(18, 3, 'eng', 'uncontrolled', 'DRAM', NULL),
(19, 4, 'deu', 'swd', 'Palmöl', NULL),
(20, 4, 'deu', 'swd', 'Vitamin, Destraktion', NULL),
(21, 4, 'deu', 'swd', 'Gegenstromprinzip', NULL),
(22, 4, 'deu', 'swd', 'Schleppmittel', NULL),
(23, 4, 'eng', 'uncontrolled', 'Countercurrent SFE', NULL),
(24, 4, 'eng', 'uncontrolled', 'palm oil', NULL),
(25, 5, 'deu', 'swd', 'Strahlteilung', NULL),
(26, 5, 'deu', 'swd', 'Hochfrequenz', NULL),
(27, 5, 'deu', 'swd', 'Schaltkreistechnik', NULL),
(28, 5, 'deu', 'swd', 'Holographie', NULL),
(29, 5, 'deu', 'uncontrolled', 'Leistungsaddition', NULL),
(30, 5, 'deu', 'uncontrolled', 'Quasi-Optik', NULL),
(31, 5, 'deu', 'uncontrolled', 'periodische Strukturen', NULL),
(32, 5, 'eng', 'uncontrolled', 'quasi-optics', NULL),
(33, 5, 'eng', 'uncontrolled', 'power combining', NULL),
(34, 5, 'eng', 'uncontrolled', 'periodic structures', NULL),
(35, 6, 'deu', 'swd', 'Wellendichtung', NULL),
(36, 6, 'deu', 'swd', 'Dichtring', NULL),
(37, 6, 'deu', 'swd', 'Elastohydrodynamische Schmierung', NULL),
(38, 6, 'deu', 'swd', 'Rheologische Eigenschaft', NULL),
(39, 6, 'deu', 'swd', 'Tribologie', NULL),
(40, 6, 'eng', 'uncontrolled', 'tribology', NULL),
(41, 6, 'eng', 'uncontrolled', 'rotary shaft seals', NULL),
(42, 6, 'eng', 'uncontrolled', 'rheology', NULL),
(43, 7, 'deu', 'swd', 'Zeitschrift für physikalische Chemie <Leipzig>', NULL),
(44, 7, 'deu', 'swd', 'Zeitschrift für physikalische Chemie <München>', NULL),
(45, 7, 'eng', 'uncontrolled', 'scientific journals', NULL),
(46, 7, 'eng', 'uncontrolled', 'physical chemistry', NULL),
(47, 8, 'deu', 'swd', 'Krylov-Verfahren', NULL),
(48, 8, 'deu', 'swd', 'Genauigkeit', NULL),
(49, 8, 'eng', 'uncontrolled', 'Krylov methods', NULL),
(50, 8, 'eng', 'uncontrolled', 'precision', NULL),
(51, 9, 'deu', 'swd', 'Wasserbau', NULL),
(52, 9, 'deu', 'swd', 'Hamburg / Technische Universität', NULL),
(53, 9, 'eng', 'uncontrolled', 'River and Coastal Engineering', NULL),
(54, 10, 'deu', 'swd', 'XQuery', NULL),
(55, 10, 'deu', 'swd', 'Formale Spezifikationstechnik', NULL),
(56, 10, 'deu', 'swd', 'Spezifikation', NULL),
(57, 10, 'deu', 'swd', 'Spezifikationssprache', NULL),
(58, 10, 'deu', 'swd', 'Spezifikationstechnik', NULL),
(59, 10, 'deu', 'swd', 'Web Services', NULL),
(60, 10, 'deu', 'uncontrolled', 'Automatische Validation', NULL),
(61, 10, 'deu', 'uncontrolled', 'Programmchecker', NULL),
(62, 10, 'eng', 'uncontrolled', 'automatic Validation', NULL),
(63, 10, 'eng', 'uncontrolled', 'Programmchecker', NULL),
(64, 24, 'deu', 'swd', 'Hamburg / Technische Universität', NULL),
(65, 24, 'deu', 'swd', 'Bericht', NULL),
(66, 24, 'eng', 'uncontrolled', 'Hamburg University of Technology (TUHH)', NULL),
(67, 24, 'eng', 'uncontrolled', 'annual report', NULL),
(68, 25, 'deu', 'swd', 'Hernie', NULL),
(69, 25, 'deu', 'swd', 'Narbenhernie', NULL),
(70, 25, 'deu', 'swd', 'Gewebe', NULL),
(71, 25, 'deu', 'swd', 'Materialcharakterisierung', NULL),
(72, 25, 'deu', 'uncontrolled', 'Hernie', NULL),
(73, 25, 'deu', 'uncontrolled', 'Narbenbruch', NULL),
(74, 25, 'deu', 'uncontrolled', 'Netzoptimierung', NULL),
(75, 25, 'deu', 'uncontrolled', 'weiche biologische Gewebe', NULL),
(76, 25, 'deu', 'uncontrolled', 'Materialcharakterisierung', NULL),
(77, 25, 'eng', 'uncontrolled', 'Hernia', NULL),
(78, 25, 'eng', 'uncontrolled', 'burst abdomen', NULL),
(79, 25, 'eng', 'uncontrolled', 'hernia mesh optimization', NULL),
(80, 25, 'eng', 'uncontrolled', 'soft biological tissues', NULL),
(81, 25, 'eng', 'uncontrolled', 'material characterization', NULL),
(82, 40, 'deu', 'swd', 'Aorta', NULL),
(83, 40, 'deu', 'swd', 'Prothese', NULL),
(84, 40, 'deu', 'swd', 'Koronarendoprothese', NULL),
(85, 40, 'deu', 'swd', 'Stent', NULL),
(86, 40, 'deu', 'uncontrolled', 'EVAR', NULL),
(87, 40, 'deu', 'uncontrolled', 'Aneurysma', NULL),
(88, 40, 'deu', 'uncontrolled', 'Stentgraft', NULL),
(89, 40, 'deu', 'uncontrolled', 'Aortenprothese', NULL),
(90, 40, 'deu', 'uncontrolled', 'Migration', NULL),
(91, 40, 'deu', 'uncontrolled', 'Leckage', NULL),
(92, 40, 'deu', 'uncontrolled', 'Endotension', NULL),
(93, 40, 'deu', 'uncontrolled', 'Designanalyse', NULL),
(94, 40, 'eng', 'uncontrolled', 'EVAR', NULL),
(95, 40, 'eng', 'uncontrolled', 'aneurysm', NULL),
(96, 40, 'eng', 'uncontrolled', 'stent graft', NULL),
(97, 40, 'eng', 'uncontrolled', 'migration', NULL),
(98, 40, 'eng', 'uncontrolled', 'endoleckage', NULL),
(99, 40, 'eng', 'uncontrolled', 'endotension', NULL),
(100, 40, 'eng', 'uncontrolled', 'design analysis', NULL),
(101, 41, 'deu', 'swd', 'Mechanik', NULL),
(102, 41, 'deu', 'swd', 'Dynamik', NULL),
(103, 41, 'deu', 'swd', 'Fluid-Struktur-Wechselwirkung', NULL),
(104, 41, 'deu', 'swd', 'Nichtlineare Dynamik', NULL),
(105, 41, 'deu', 'swd', 'Verzweigung <Mathematik>', NULL),
(106, 41, 'deu', 'swd', 'Dynamische Verzweigung', NULL),
(107, 41, 'deu', 'swd', 'Ordnungsreduktion', NULL),
(108, 41, 'deu', 'uncontrolled', 'Kalman-Filter', NULL),
(109, 41, 'deu', 'uncontrolled', 'Schiff', NULL),
(110, 41, 'deu', 'uncontrolled', 'Schiffsbewegung', NULL),
(111, 41, 'deu', 'uncontrolled', 'Inertialmesseinheit', NULL),
(112, 42, 'deu', 'swd', 'MOS-FET', NULL),
(113, 42, 'deu', 'swd', 'Elektrischer Durchbruch', NULL),
(114, 42, 'deu', 'uncontrolled', 'MOS', NULL),
(115, 42, 'deu', 'uncontrolled', 'Transistor', NULL),
(116, 42, 'deu', 'uncontrolled', 'Gateoxid', NULL),
(117, 42, 'deu', 'uncontrolled', 'Charakterisierung', NULL),
(118, 42, 'deu', 'uncontrolled', 'RTS', NULL),
(119, 42, 'deu', 'uncontrolled', 'Rauschen', NULL),
(120, 42, 'deu', 'uncontrolled', 'Breakdown', NULL),
(121, 42, 'deu', 'uncontrolled', 'Durchbruch', NULL),
(122, 42, 'deu', 'uncontrolled', 'Schaltung', NULL),
(123, 42, 'deu', 'uncontrolled', 'Verstärker', NULL),
(124, 42, 'eng', 'uncontrolled', 'MOS transistor', NULL),
(125, 42, 'eng', 'uncontrolled', 'gate oxide breakdown', NULL),
(126, 43, 'deu', 'swd', 'Straßenverkehr', NULL),
(127, 43, 'deu', 'swd', 'Kraftfahrzeug', NULL),
(128, 43, 'deu', 'swd', 'Klassifikation', NULL),
(129, 43, 'deu', 'swd', 'Mustererkennung', NULL),
(130, 43, 'deu', 'swd', 'Verkehrsleitsystem', NULL),
(131, 43, 'eng', 'uncontrolled', 'Pattern Recognition', NULL),
(132, 43, 'eng', 'uncontrolled', 'Traffic Monitoring', NULL),
(133, 43, 'eng', 'uncontrolled', 'Traffic Control', NULL),
(134, 43, 'eng', 'uncontrolled', 'Classification', NULL),
(135, 44, 'deu', 'swd', 'Knorpel', NULL),
(136, 44, 'deu', 'swd', 'Tissue Engineering', NULL),
(137, 44, 'deu', 'swd', 'Bioreaktor', NULL),
(138, 44, 'deu', 'swd', 'Hydrostatischer Druck', NULL),
(139, 44, 'deu', 'swd', 'Wachstumsfaktor', NULL),
(140, 44, 'eng', 'uncontrolled', 'cartilage', NULL),
(141, 44, 'eng', 'uncontrolled', 'tissue engineering', NULL),
(142, 44, 'eng', 'uncontrolled', 'bioreactor', NULL),
(143, 44, 'eng', 'uncontrolled', 'hydrostatic pressure', NULL),
(144, 44, 'eng', 'uncontrolled', 'growth factors', NULL),
(145, 45, 'deu', 'swd', 'Geruch', NULL),
(146, 45, 'deu', 'swd', 'Lösungsmittel', NULL),
(147, 45, 'deu', 'uncontrolled', 'Absorbenzien', NULL),
(148, 45, 'deu', 'uncontrolled', 'Löslichkeitsvermittler', NULL),
(149, 45, 'deu', 'uncontrolled', 'Geruchsstoffe', NULL),
(150, 45, 'deu', 'uncontrolled', 'Abluftwäscher', NULL),
(151, 45, 'deu', 'uncontrolled', 'Huminstoffe', NULL),
(152, 45, 'eng', 'uncontrolled', 'absorbents', NULL),
(153, 45, 'eng', 'uncontrolled', 'solubility agents', NULL),
(154, 45, 'eng', 'uncontrolled', 'waste air', NULL),
(155, 45, 'eng', 'uncontrolled', 'washing liquids', NULL),
(156, 45, 'eng', 'uncontrolled', 'humic substances', NULL),
(157, 57, 'deu', 'swd', 'Zahnschmelz, Zahntechnik,', NULL),
(158, 57, 'deu', 'uncontrolled', 'elastisch-inelastischer Übergang', NULL),
(159, 57, 'deu', 'uncontrolled', 'Mechanische Eigenschaften', NULL),
(160, 57, 'deu', 'uncontrolled', 'Eindruckversuch', NULL),
(161, 57, 'eng', 'uncontrolled', 'calcified tissues', NULL),
(162, 57, 'eng', 'uncontrolled', 'elastic-inelastic transition', NULL),
(163, 57, 'eng', 'uncontrolled', 'enamel', NULL),
(164, 57, 'eng', 'uncontrolled', 'mechanical properties', NULL),
(165, 57, 'eng', 'uncontrolled', 'nanoindentation', NULL),
(166, 58, 'deu', 'swd', 'Werkstoffkunde', NULL),
(167, 58, 'deu', 'swd', 'Biomaterial', NULL),
(168, 58, 'deu', 'swd', 'Zahnschmelz', NULL),
(169, 58, 'eng', 'uncontrolled', 'enamel', NULL),
(170, 58, 'eng', 'uncontrolled', 'mechanical properties', NULL),
(171, 58, 'eng', 'uncontrolled', 'fracture behaviour', NULL),
(172, 58, 'eng', 'uncontrolled', 'resistance curves', NULL),
(173, 58, 'eng', 'uncontrolled', 'toughening', NULL),
(174, 59, 'deu', 'swd', 'Bibliotheksbau', NULL),
(175, 59, 'deu', 'swd', 'Dokumentation', NULL),
(176, 59, 'deu', 'swd', 'Europa', NULL),
(177, 60, 'deu', 'swd', 'Bibliotheksbau, Dokumentation, Europa', NULL),
(178, 62, 'deu', 'uncontrolled', 'KNN-keramik', NULL),
(179, 62, 'deu', 'uncontrolled', 'keramikherstellung', NULL),
(180, 62, 'deu', 'uncontrolled', 'piezokeramik', NULL),
(181, 62, 'eng', 'uncontrolled', 'KNN ceramics', NULL),
(182, 62, 'eng', 'uncontrolled', 'ceramic processing', NULL),
(183, 62, 'eng', 'uncontrolled', 'piezoelectrics', NULL),
(184, 63, 'deu', 'uncontrolled', 'KNN-Keramik', NULL),
(185, 63, 'deu', 'uncontrolled', 'Hochdurchsatz', NULL),
(186, 63, 'deu', 'uncontrolled', 'piezokeramik', NULL),
(187, 63, 'eng', 'uncontrolled', 'High throughput experimentation', NULL),
(188, 63, 'eng', 'uncontrolled', 'Ceramics', NULL),
(189, 63, 'eng', 'uncontrolled', 'Piezoelectric ceramics', NULL),
(190, 64, 'deu', 'uncontrolled', 'KNN-Keramik', NULL),
(191, 64, 'deu', 'uncontrolled', 'synthese', NULL),
(192, 64, 'deu', 'uncontrolled', 'piezokeramik', NULL),
(193, 64, 'deu', 'uncontrolled', 'bleifrei', NULL),
(194, 64, 'eng', 'uncontrolled', 'Ceramics', NULL),
(195, 64, 'eng', 'uncontrolled', 'Piezoelectric ceramics', NULL),
(196, 64, 'eng', 'uncontrolled', 'lead-free', NULL),
(197, 65, 'deu', 'swd', 'Zahnschmelz, Zahntechnik,', NULL),
(198, 65, 'deu', 'uncontrolled', 'elastisch-inelastischer Übergang', NULL),
(199, 65, 'deu', 'uncontrolled', 'Mechanische Eigenschaften', NULL),
(200, 65, 'deu', 'uncontrolled', 'Eindruckversuch', NULL),
(201, 65, 'deu', 'uncontrolled', 'Druckversuch', NULL),
(202, 65, 'deu', 'uncontrolled', 'hierarchische Struktur', NULL),
(203, 65, 'eng', 'uncontrolled', 'size-dependent', NULL),
(204, 65, 'eng', 'uncontrolled', 'elastic-inelastic transition', NULL),
(205, 65, 'eng', 'uncontrolled', 'enamel', NULL),
(206, 65, 'eng', 'uncontrolled', 'mechanical properties', NULL),
(207, 65, 'eng', 'uncontrolled', 'nanoindentation', NULL),
(208, 77, 'deu', 'swd', 'Mehrfach-Solarzelle', NULL),
(209, 77, 'deu', 'uncontrolled', 'Dünnschicht', NULL),
(210, 77, 'deu', 'uncontrolled', 'Silizium', NULL),
(211, 77, 'deu', 'uncontrolled', 'Solarzelle', NULL),
(212, 77, 'deu', 'uncontrolled', 'Glas', NULL),
(213, 77, 'deu', 'uncontrolled', 'Kristallisation', NULL),
(214, 77, 'deu', 'uncontrolled', 'Wolframnitrid', NULL),
(215, 77, 'deu', 'uncontrolled', 'Siliziumkarbid', NULL),
(216, 77, 'eng', 'uncontrolled', 'thin film', NULL),
(217, 77, 'eng', 'uncontrolled', 'silicon', NULL),
(218, 77, 'eng', 'uncontrolled', 'solar cell', NULL),
(219, 77, 'eng', 'uncontrolled', 'glass', NULL),
(220, 77, 'eng', 'uncontrolled', 'crystallisation', NULL),
(221, 77, 'eng', 'uncontrolled', 'tungsten nitride', NULL),
(222, 77, 'eng', 'uncontrolled', 'silicon carbide', NULL),
(223, 79, 'deu', 'swd', 'Massenspektrometer', NULL),
(224, 79, 'deu', 'swd', 'Mikrosystemtechnik', NULL),
(225, 79, 'deu', 'swd', 'Plasma', NULL),
(226, 79, 'deu', 'swd', 'Mikrowellenplasma', NULL),
(227, 79, 'deu', 'swd', 'Ionenoptik', NULL),
(228, 79, 'deu', 'swd', 'MEMS', NULL),
(229, 79, 'deu', 'swd', 'Messtechnik', NULL),
(230, 79, 'deu', 'uncontrolled', 'Mikroplasma', NULL),
(231, 79, 'eng', 'uncontrolled', 'Micro mass spectrometer', NULL),
(232, 79, 'eng', 'uncontrolled', 'Micro plasma', NULL),
(233, 79, 'eng', 'uncontrolled', 'Capacitively coupled plasma', NULL),
(234, 79, 'eng', 'uncontrolled', 'Ion optics', NULL),
(235, 79, 'eng', 'uncontrolled', 'MEMS', NULL),
(236, 80, 'deu', 'swd', 'Orthopädie', NULL),
(237, 80, 'deu', 'swd', 'Endoprothese', NULL),
(238, 80, 'deu', 'swd', 'Wasserstrahl', NULL),
(239, 80, 'deu', 'swd', 'Bandscheibe', NULL),
(240, 80, 'deu', 'uncontrolled', 'Orthopädie', NULL),
(241, 80, 'deu', 'uncontrolled', 'Endoprothese', NULL),
(242, 80, 'deu', 'uncontrolled', 'Wasserstrahl', NULL),
(243, 80, 'deu', 'uncontrolled', 'Bandscheibe', NULL),
(244, 80, 'deu', 'uncontrolled', 'Matthias Honl', NULL),
(245, 80, 'eng', 'uncontrolled', 'orthopedic surgery', NULL),
(246, 80, 'eng', 'uncontrolled', 'joint replacement', NULL),
(247, 80, 'eng', 'uncontrolled', 'water jet', NULL),
(248, 80, 'eng', 'uncontrolled', 'model', NULL),
(249, 80, 'eng', 'uncontrolled', 'spinal disc', NULL),
(250, 80, 'eng', 'uncontrolled', 'Matthias Honl', NULL),
(251, 81, 'deu', 'swd', 'Numerische Strömungssimulation', NULL),
(252, 81, 'deu', 'swd', 'Nachstrom', NULL),
(253, 81, 'deu', 'swd', 'Propeller', NULL),
(254, 81, 'deu', 'swd', 'Schiff', NULL),
(255, 81, 'deu', 'swd', 'Finite-Elemente-Methode', NULL),
(256, 81, 'deu', 'swd', 'Seegang', NULL),
(257, 81, 'deu', 'swd', 'Potenzialtheorie', NULL),
(258, 81, 'deu', 'swd', 'Elektromagnetische Verträglichkeit', NULL),
(259, 81, 'deu', 'swd', 'Laserschweißen', NULL),
(260, 81, 'deu', 'swd', 'Schiffbau', NULL),
(261, 81, 'deu', 'swd', 'Festigkeit', NULL),
(262, 81, 'deu', 'swd', 'Schweißen', NULL),
(263, 81, 'deu', 'swd', 'Nachhaltigkeit', NULL),
(264, 81, 'deu', 'swd', 'Containerschifffahrt', NULL),
(265, 82, 'deu', 'swd', 'Bruchmechanik', NULL),
(266, 82, 'deu', 'swd', 'Dentin', NULL),
(267, 82, 'deu', 'swd', 'Zahnschmelz', NULL),
(268, 82, 'deu', 'uncontrolled', 'Risswiderstandskurven', NULL),
(269, 82, 'deu', 'uncontrolled', 'Spannungsintensitätsfaktor', NULL),
(270, 82, 'eng', 'uncontrolled', 'fracture resistance curves', NULL),
(271, 82, 'eng', 'uncontrolled', 'stress intensity factor', NULL),
(272, 82, 'eng', 'uncontrolled', 'kink crakcs', NULL),
(273, 82, 'eng', 'uncontrolled', 'enamel', NULL),
(274, 82, 'eng', 'uncontrolled', 'dentin', NULL),
(275, 83, 'deu', 'swd', 'Bruchmechanik', NULL),
(276, 83, 'deu', 'swd', 'Dentin', NULL),
(277, 83, 'deu', 'swd', 'Zahnschmelz', NULL),
(278, 83, 'eng', 'uncontrolled', 'dentinoenamel junction', NULL),
(279, 83, 'eng', 'uncontrolled', 'elastic modulus mismatch', NULL),
(280, 83, 'eng', 'uncontrolled', 'stress intensity factor', NULL),
(281, 83, 'eng', 'uncontrolled', 'enamel', NULL),
(282, 83, 'eng', 'uncontrolled', 'dentin', NULL),
(283, 84, 'deu', 'swd', 'Elektronisches Buch', NULL),
(284, 84, 'deu', 'swd', 'Bibliothek', NULL),
(285, 84, 'deu', 'swd', 'Zukunftserwartung', NULL),
(286, 84, 'deu', 'uncontrolled', 'eBook', NULL),
(287, 84, 'eng', 'uncontrolled', 'eBook', NULL),
(288, 84, 'eng', 'uncontrolled', 'library', NULL),
(289, 84, 'eng', 'uncontrolled', 'future', NULL),
(290, 90, 'deu', 'swd', 'Pflanzenkläranlage', NULL),
(291, 90, 'deu', 'swd', 'Regenwurm', NULL),
(292, 90, 'deu', 'swd', 'Abwasserreinigung', NULL),
(293, 90, 'deu', 'swd', 'Abwasser', NULL),
(294, 90, 'deu', 'swd', 'Pflanzenart', NULL),
(295, 90, 'eng', 'uncontrolled', 'earthworms', NULL),
(296, 90, 'eng', 'uncontrolled', 'domestic wastewater', NULL),
(297, 90, 'eng', 'uncontrolled', 'swine wastewater', NULL),
(298, 90, 'eng', 'uncontrolled', 'constructed wetlands', NULL),
(299, 90, 'eng', 'uncontrolled', 'plants', NULL);

--
-- Daten für Tabelle `document_title_abstracts`
--

INSERT INTO `document_title_abstracts` (`id`, `document_id`, `type`, `value`, `language`) VALUES
(1, 1, 'main', 'Wilhelm Ostwald, the "Brücke" (Bridge), and connections to other bibliographic activities at the beginning of the twentieth century', 'eng'),
(2, 1, 'abstract', 'This paper gives a summary of the activities of the German chemist and\nNobel laureate Wilhelm Ostwald (1853 - 1932) in the area of scholarly information, communication, and publication at the beginning of the twentieth\ncentury. In 1911 Ostwald, with others, founded the "Brücke" (Bridge),\nan organization with aims similar to those of the famous Institut International\nde Bibliographie in Brussels. The paper looks at connections to other\ninstitutions and individuals in the area of documentation and information\nscience, especially in Germany, for example, the Institut für Techno-\nBibliographie and the German librarian Julius Hanauer, one of the German\npromoters of the Universal Decimal Classification.\n', 'eng'),
(3, 2, 'main', 'Informationskompetenz und studentisches Lernen im elektronischen Zeitalter : Problemfelder und Praxisansätze in einer Technischen Universität.', 'deu'),
(4, 2, 'main', 'Information literacy and student learning in the electronic age : fields of problems and practical approaches in an university of technology', 'eng'),
(5, 2, 'abstract', 'Die Integration der Vermittlung von allgemeiner und fachlicher\nInformationskompetenz in das Lernen und Lehren an unseren Universitäten ist\neine wichtige Voraussetzung für die zeitgemässe Qualifizierung von\nHochschulabsolventen. Der Beitrag gibt eine Übersicht zur Ausgangssituation, zu\nProblemen, Zielen, Inhalten und Methoden der Vermittlung von\nInformationskompetenz im Rahmen studentischen Lernens aus der Sicht der\nUniversitätsbibliothek einer Technischen Universität.', 'deu'),
(6, 3, 'main', 'Interface characterization of metal-gate MOS-structures and the application to DRAM-capacitors', 'deu'),
(7, 3, 'main', 'Interface characterization of metal-gate MOS-structures and the application to DRAM-capacitors', 'eng'),
(8, 3, 'abstract', 'Viele Applikationen der modernen Informationstechnologie benötigen einen Arbeitsspeicher mit kurzen Schreib- und Lesezeiten sowie geringen Kosten pro Bit. Moderne DRAMs sind zur Zeit die einzigen Schaltkreise, die diese Anforderungen erfüllen. Eine kontinuierliche Verkleinerung der Strukturabmessungen ist für die Erhöhung der Produktivität\nund somit für eine weitere Verringerung der Kosten pro Bit erforderlich. Gleichzeitig bleibt jedoch die Kapazität der DRAM Speicherzelle mit jeder Generation konstant, was zu dreidimensionalen Kondensatoren mit hohen Aspektverhältnissen und hohen Reihenwiderständen führt. Nach der ITRS Roadmap muß daher ab der 70 nm Generation das üblicherweise verwendete polykristalline Silizium durch ein Material mit höherem Leitwert ersetzt werden.<br />\nIn dieser Arbeit wird ein Stapel aus polykristallinem Silizium und einer d&uuml;nnen Metallschicht als geeigneter Ersatz für das reine Silizium vorgeschlagen. Es wird eine vollständige Analyse-Prozedur für Metall-Gate MOS-Strukturen entwickelt, die die Identifizierung von Problemen während der Prozessierung und die Extraktion physikalischer Parameter ermöglicht. Aus Simulationen von MOS-Kondensatoren werden Größen gewonnen, die eine automatische Extraktion der Flachbandspannung und der physikalischen Oxyddicke zulassen und dabei eine Genauigkeit von 1-2 °A verglichen mit ellipsometrischen Messungen und IV-Analysen zeigen. Weiterhin wird ein verbessertes Modell zur Simulation des Leckstroms präsentiert welches die Meßdaten für alle untersuchten Spannungen und Oxyddicken sehr gut beschreibt. Zur Anwendung der Analyse-Prozedur werden ein Testchip und dazugehörige Prozesstechnologie für Metall-Gate MOS-Strukturen auf Kurzdurchläufern und auf vollintegrierten Losen entwickelt. TiN-Gate Strukturen werden benutzt, um einen Prozess zur TiN Atomlagen-Abscheidung zu charakterisieren, Probleme zu identifizieren und diese zu lösen.<br />\nDie thermische Stabilität reiner Metall-Gate Elektroden ist f&uuml;r eine DRAM Anwendung mit Grabenkondensatoren nicht ausreichend. Ein Stapel von 25 nm polykristallinem Silizium und 20 nm TiN wird als geeignete niederohmige Grabenf&uuml;llung identifiziert, die bis zu 1050 ±C stabil ist. Um solch ein Materialsystem in einen DRAM zu integrieren muss das Metall in tiefen Gräben mit guter Kantenbedeckung abgeschieden werden. Zu diesem Zweck wird die Gasphasenabscheidung von Wolfram Silizid untersucht und das gleichzeitige Erreichen von guter Kantenbedeckung und einer thermisch stabilen Zusammensetzung als größte Herausforderung identifiziert. Ein Abscheide-Regime für solch einen Prozeß wird vorgeschlagen, das jedoch außerhalb des in dieser Arbeit zugänglichen Bereiches liegt. Auf der anderen Seite wird eine TiN Atomlagen-Abscheidung erfolgreich modifiziert um 70% Kantenbedeckung in Gräben mit einem Aspektverhältnis von 40:1 zu erhalten. Mit diesem Prozeß werden Grabenkondensatoren hergestellt, die eine 60 s Temperung bei 1050 ±C aushalten und gleichzeitig die Anforderungen für den Leckstrom und die Kapazit&auml;at erfüllen. Zusammenfassend ermöglichen die in dieser Arbeit präsentierten Ergebnisse die Herstellung von niederohmigen Grabenf&uuml;llungen von DRAM-Kondensatoren so wie sie für eine 70 nm Technologie-Generation benötigt werden.', 'deu'),
(9, 3, 'abstract', 'The main result of this study is the development of a full analysis procedure for metal-gate MOS-structures that allows to identify problems during processing and to extract physical parameters of metal electrodes. With knowledge gained from this analysis a polysilicon/TiN-stack has been developed and successfully integrated as low-resistance electrode into state-of-the-art deep trench DRAM-capacitors. These electrodes will be required to fabricate sub-100 nm deep trench DRAMs.', 'eng'),
(10, 4, 'main', 'Gegenstromtrennung von schwerflüchtigen Naturstoffen mit überkritischen komprimierten Gasen unter Verwendung von Schleppmitteln', 'deu'),
(11, 4, 'main', 'Countercurrent separation of low volatile liquid natural products with supercritical gases', 'eng'),
(12, 4, 'abstract', 'In dieser Arbeit wurden Untersuchungen zur Anreicherung von Vitaminen aus rohem\nPalmöl durchgeführt. Die im verwendeten Öl enthaltenen 300 ppm Tocochromanole\n(Vitamin E) und 400 ppm &#946;-Carotin (Provitamin A) sollen durch Gegenstromextraktion mit überkritischem Kohlendioxid angereichert werden.', 'deu'),
(13, 4, 'abstract', 'The investigations deal with the enrichment of tocochromanoles (vitamin E) and beta-carotene (provitamin A) from crude palm oil. In a first separation step the tocochromanoles and free fatty acids are removed using countercurrent supercritical fluid extraction (SFE) with supercritical CO2. The refined oil is esterified and then fractionated in fatty acid methyl esters (FAME, bio diesel) and a mixture of countercurrent beta-carotene and FAME using SFE.', 'eng'),
(14, 5, 'main', 'Ein Beitrag zur quasi-optischen Leistungsaddition mit periodischen Strukturen', 'deu'),
(15, 5, 'main', 'A contribution to the quasi-optical power combining with periodic structures', 'eng'),
(16, 5, 'abstract', 'Die Arbeit untersucht Multi-Element-Schaltungstechniken zur quasi-optischen Leistungsaddition. Methoden für den Einsatz periodischer Strukturen zur Strahlteilung und -summierung im Submillimeterwellenbereich werden verglichen. Zum einen gibt es Fernfeldmethoden, die ihren Ursprung im Dammann-Gitter haben, zum anderen Nahfeldmethoden - wie die näher untersuchte holographische Leistungsaddition mit periodischen Strukturen -, welche auf dem Talbot-Effekt basieren. Der Wirkungsgrad wird mit einem exakten Modell aus verallgemeinerten Streuparametern und Eigenwellen-Entwicklung erforscht. Die resultierende räumlich begrenze, ebene Welle wird mit einer geeigneten Auskoppelschaltung in einen Gaussstrahl umgewandelt, indem die Phase durch spezielle Linsen oder Spiegel beeinflusst wird. Eine näherungsweise Bestimmung der Obeflächenkonturen erfolgt mit strahlenoptischer Zuordnung per Leistungsverteilungsfunktion. Für die Optimierung wird die lokale Strahlenoptik eingeführt. Die Justage und Bewertung der realisierten Aufbauten bei 150 GHz erfolgt u. a. mit einem vektoriellen Feldmesssystem und breitbandigen Leistungsteiler.', 'deu'),
(17, 5, 'abstract', 'This thesis investigates multi-element circuit technologies for quasi-optical power combining. For this purpose, methods for the application of periodic structures for splitting and summarization of rays in the submillimeter wave range are compared. On the one hand, there are far field methods, which have their origin in the Dammann grating. On the other hand, there are near field methods - like the analysed holographic power combining with periodic structures - which are based on the Talbot effect. The power combining efficiency is examined via a rigorous model which consists of generalized scattering matrixes and eigenmode development. The resulting pseudo plane wave is transformed into a Gaussian beam with an adequate quasi-optical circuit. This is performed by modification of the phase distribution with specially designed lenses and mirrors. An approximated determination of the surface contours is performed by geometrical optics with power distribution mapping. For their optimisation the local geometrical optics is introduced. The adjustment and validation of the realized set-ups at 150 GHz is performed by a vectorial field measurement system and a broadband power divider.', 'eng'),
(18, 6, 'main', 'Tribologie und Fluidverhalten in der Dichtzone von Radialwellendichtringen unter Berücksichtigung makromolekularer Bestandteile der Schmierfluide', 'deu'),
(19, 6, 'main', 'Tribology and fluid behavior of rotary shaft seals ...', 'eng'),
(20, 6, 'abstract', 'Der Radialwellendichtring (RWDR) ist selbst beim heutigen Stand der Technik in seiner Funktion nicht ausreichend beherrscht. Konzipiert für die berührende Abdichtung von Wellendurchtritten in Gehäusen, soll ein Austritt des Schmiermediums in die Umwelt und das Eindringen von Schmutz aus der Umwelt in das Gehäuse verhindert werden. Vorliegende Arbeit analysiert die RWDR/Welle/Fluid-Paarung aus der Perspektive des Fluids. Der komplexen Vorgänge in der RWDR-Dichtzone wird durch die versuchstechnische und theoretische Betrachtung der tribologischen Vorgänge bis in den Sub-Mikrometer-Bereich Rechnung getragen. Aus den Ergebnissen wird ein tribologisches 3-Schichtmodell und die zugehörige allgemeine Reibungskurve entwickelt. Ausgehend von der RWDR-Funktionshypothese von Oliveira wird eine Betrachtung des Verhaltens der makromolekularen Bestandteile im Fluid durchgeführt. Geometriebedingt existiert in der RWDR-Dichtzone und an ihren Rändern ein Scherratengradient, der eine ungleichmäßige Belastung der makromolekularen Bestandteile hervorruft. Die Auswirkung eines Scherratengradienten auf die Zusammensetzung einer polymeren Lösung wird experimentell untersucht. Die Ergebnisse aus dem Scherversuch deuten auf eine Konzentrationserhöhung der polymeren Bestandteile im Bereich der höchsten Scherraten hin. Dieses Ergebnis kann als ein Indiz für die Gültigkeit der RWDR-Funktionshypothese von Oliveira gesehen werden.', 'deu'),
(21, 6, 'abstract', 'Tribology and fluid behavior of rotary shaft seals ...', 'eng'),
(22, 7, 'main', 'Die Zeitschrift für physikalische Chemie - Ein Beitrag bibliothekarischer Zeitschriftenforschung', 'deu'),
(23, 7, 'main', 'The first German journal for physical chemistry', 'eng'),
(24, 7, 'abstract', 'Die Zeitschrift für physikalische Chemie . Vortrag auf dem 65. Berliner Wissenschaftshistorischen Kolloquium des Bereiches Wissenschaftsgeschichte am Institut für Theorie, Geschichte und Organisation der Wissenschaften der Akademie der Wissenschaften Berlin am 18.6.1991. \n(Zusammenfassung von Thomas Hapke: Die Zeitschrift für physikalische Chemie : 100 Jahre Wechselwirkung zwischen Fachwissenschaft, Kommunikationsmedium und Gesellschaft. Herzberg: Bautz, 1990.)', 'deu'),
(25, 7, 'abstract', 'The first German journal for physical chemistry "Zeitschrift für physikalische Chemie"', 'eng'),
(26, 8, 'main', 'Krylov-Unterraum-Verfahren in endlicher Genauigkeit : ein vereinheitlichter Ansatz', 'deu'),
(27, 8, 'main', 'Krylov Subspace Methods in Finite Precision :  A Unified Approach', 'eng'),
(28, 8, 'abstract', 'This thesis is concerned with the error analysis of the most common Krylov\nsubspace methods for the solution of the algebraic eigenvalue problem and the\nsolution of linear systems. It contains a new form of error analysis for these\nmethods. The main concern lies in the unification and extension of well-known\nerror analysis approaches.', 'eng'),
(29, 8, 'abstract', 'Die Dissertation beschäftigt sich mit der Fehleranalyse bekannter\nKrylov-Unterraum-Verfahren für die Lösung des algebraischen Eigenwertproblems\nund die Lösung linearer Gleichungssysteme. Sie enthält eine neue Form der\nFehleranalyse der genannten Verfahren. Das Hauptaugenmerk liegt auf der\nVereinheitlichung und Verallgemeinerung bereits bestehender Analysen.', 'deu'),
(30, 9, 'main', 'Wasserbau - fünf Jahre', 'deu'),
(31, 9, 'main', 'Wasserbau - River and Coastal Engineering', 'eng'),
(32, 9, 'abstract', 'Festschrift anläßlich des 5-jährigen Bestehens des Arbeitsbereichs Wasserbau, Technische Universität Hamburg-Harburg', 'deu'),
(33, 9, 'abstract', 'Festschrift at the occassion of the 5th birthday of the Research Section River and Coastal Engineering of the TUHH', 'eng'),
(34, 10, 'main', 'Spezifikation von interoperablen Webservices mit XQuery', 'deu'),
(35, 10, 'main', 'Specification of interoperable Web Services using XQuery', 'eng'),
(36, 10, 'abstract', 'Die Arbeit löst Interoperabilitätsprobleme von Webservices. Der W3C-Standard zur\nSpezifikation ihrer Schnittstellen (WSDL) wird präzisiert. Dazu wird ein Spezifikationsverfahren (SXQT) entwickelt, das erlaubt, Schnittstellen mit prädikatenlogischen Ausdrücken (in XQuery) zu spezifizieren. Die Einhaltung solcher Spezifikationen wird mit der automatischen Validation geprüft.', 'deu'),
(37, 10, 'abstract', 'The thesis solves interoperability issues regarding Web Services. The W3C standard for the specification of their interfaces (WSDL) is made more precise. This is done by developing a specification technique (SXQT), which allows specifying interfaces using expressions of first order logic (in XQuery). Compliance with such specifications is checked with the automatic validation.', 'eng'),
(38, 11, 'main', 'Über die Trägheitskräfte der isotropen Turbulenz', 'deu'),
(39, 11, 'abstract', 'Über die Trägheitskräfte der isotropen Turbulenz', 'deu'),
(40, 12, 'main', 'Problems in Ship Theory', 'eng'),
(41, 12, 'abstract', 'Problems in Ship Theory', 'eng'),
(42, 13, 'main', 'Grundlagen zur Darstellung der Profilform von Schiffsrudern', 'deu'),
(43, 13, 'abstract', 'Grundlagen zur Darstellung der Profilform von Schiffsrudern', 'deu'),
(44, 14, 'main', 'Zur Formgebung von Schiffsrudern', 'deu'),
(45, 14, 'abstract', 'Zur Formgebung von Schiffsrudern', 'deu'),
(46, 15, 'main', 'Das Institut für Schiffbau der Universität Hamburg', 'deu'),
(47, 15, 'abstract', 'Das Institut für Schiffbau der Universität Hamburg', 'deu'),
(48, 16, 'main', 'Praktische Durchführung der Berechnung der Fahrgeschwindigkeit von Segelschiffen', 'deu'),
(49, 16, 'abstract', 'Praktische Durchführung der Berechnung der Fahrgeschwindigkeit von Segelschiffen', 'deu'),
(50, 17, 'main', 'Auswertung veröffentlichter Modellmessungen zur Bestimmung der Luftkräfte an Überwasserschiffen bei Schräganströmung', 'deu'),
(51, 17, 'abstract', 'Auswertung veröffentlichter Modellmessungen zur Bestimmung der Luftkräfte an Überwasserschiffen bei Schräganströmung', 'deu'),
(52, 18, 'main', 'Darstellung des Kreises durch ein Polynom', 'deu'),
(53, 18, 'abstract', 'Darstellung des Kreises durch ein Polynom', 'deu'),
(54, 19, 'main', 'Darstellung symmetrischer Joukowsky-Profile', 'deu'),
(55, 19, 'abstract', 'Darstellung symmetrischer Joukowsky-Profile', 'deu'),
(56, 20, 'main', 'Querschleppversuche mit Platten und Schiffsmodellen', 'deu'),
(57, 20, 'abstract', 'Querschleppversuche mit Platten und Schiffsmodellen', 'deu'),
(58, 21, 'main', 'Manövriertanks in den Schiffbau-Versuchsanstalten der Welt', 'deu'),
(59, 21, 'abstract', 'Manövriertanks in den Schiffbau-Versuchsanstalten der Welt', 'deu'),
(60, 22, 'main', 'Ein Oszillator zur Ermittlung hydrodynamischer Massen und Dämpfungswerte', 'deu'),
(61, 22, 'abstract', 'Ein Oszillator zur Ermittlung hydrodynamischer Massen und Dämpfungswerte', 'deu'),
(62, 23, 'main', 'Zur mathematischen Darstellung von Leitkopfruderprofilen', 'deu'),
(63, 23, 'abstract', 'Zur mathematischen Darstellung von Leitkopfruderprofilen', 'deu'),
(64, 24, 'main', 'Jahresbericht des Präsidiums 2008', 'deu'),
(65, 24, 'abstract', 'Jahresbericht des Präsidiums der TU Hamburg-Harburg 2008', 'deu'),
(66, 25, 'main', 'Numerische Optimierung von Implantaten zur Versorgung von Hernien', 'deu'),
(67, 25, 'main', 'Numerical optimization of implants for treatment of hernia repair', 'eng'),
(68, 25, 'abstract', 'Hernien, Ausstülpungen von Bauchfell aus der Bauchhöhle, werden heutzutage häufig mit Kunststoffnetzen verstärkt. Trotzdem gibt es eine bedeutende Anzahl von Rezidivhernien und andere Komplikationen. Die Arbeit analysiert die Ursachen der Probleme und zeigt Möglichkeiten der Netzoptimierung auf. Weil Hernienreparationen die häufigsten Operationen beim Menschen sind, hat die Problemstellung herausragende wirtschaftliche Bedeutung.\n', 'deu'),
(69, 25, 'abstract', 'Hernias, protuberances of peritoneum out of the abdominal cavity, are often reinforced by polymeric meshes. None the less there are quite a few recurrences and other complications. The thesis analyses the causes of the problems and shows possibilities of mesh optimization. Because hernia repairs are the most frequently conducted surgeries, the problem is of great economical interest.', 'eng'),
(70, 26, 'main', 'Existenz, Eindeutigkeit und Regularität stationärer Wellenströmungen, die von Druckverteilungen an der Wasseroberfläche verursacht werden', 'deu'),
(71, 26, 'abstract', 'Existenz, Eindeutigkeit und Regularität stationärer Wellenströmungen, die von Druckverteilungen an der Wasseroberfläche verursacht werden\n-Lineare Theorie-\n', 'deu'),
(72, 27, 'main', 'Prognosen für die Kollisionsrate als Resultat von Veränderungen bestehender Verkehrstrennungsgebiete', 'deu'),
(73, 27, 'abstract', 'Prognosen für die Kollisionsrate als Resultat von Veränderungen bestehender Verkehrstrennungsgebiete\n\nDargestellt am Beispiel der Westeinfahrt zum Kanal zwischen Ushant und Casquets\n', 'deu'),
(74, 28, 'main', 'An Evaluation of Mapping Procedures for the Stationary Ship Wave Problem', 'eng'),
(75, 28, 'abstract', 'An Evaluation of Mapping Procedures for the Stationary Ship Wave Problem', 'eng'),
(76, 29, 'main', 'Erste Messungen mit dem großen Laser-Velocimeter des IfS im Labor und an Bord', 'deu'),
(77, 29, 'abstract', 'Erste Messungen mit dem großen Laser-Velocimeter des IfS im Labor und an Bord', 'deu'),
(78, 30, 'main', 'Berechnung der hydrodynamischen Kräfte, die auf einen  eine Rollbewegung mit großer Amplitude ausführenden schwimmenden Körper wirken', 'deu'),
(79, 30, 'abstract', 'Berechnung der hydrodynamischen Kräfte, die auf einen  eine Rollbewegung mit großer Amplitude ausführenden schwimmenden Körper wirken', 'deu'),
(80, 31, 'main', 'I. Georg-Weinblum-Gedächtnis-Vorlesung', 'deu'),
(81, 31, 'abstract', 'I. Georg-Weinblum-Gedächtnis-Vorlesung', 'deu'),
(82, 32, 'main', 'Analytische und halbanalytische Elemente zur Konstruktionsberechnung schiffbaulicher Tragwerke', 'deu'),
(83, 32, 'abstract', 'Analytische und halbanalytische Elemente zur Konstruktionsberechnung schiffbaulicher Tragwerke', 'deu'),
(84, 33, 'main', 'Über die Vorhersage der Häufigkeit und Intensität von Bodenstößen auf Schiffen im Seegang', 'deu'),
(85, 33, 'abstract', 'Über die Vorhersage der Häufigkeit und Intensität von Bodenstößen auf Schiffen im Seegang', 'deu'),
(86, 34, 'main', 'Beiträge zur Berechnung von Kavitationserscheinungen an Strömungskörpern', 'deu'),
(87, 34, 'abstract', 'Beiträge zur Berechnung von Kavitationserscheinungen an Strömungskörpern', 'deu'),
(88, 35, 'main', 'An Investigation of Marine Traffic in South-East Asian Waters and in the Caribbean', 'eng'),
(89, 35, 'abstract', 'An Investigation of Marine Traffic in South-East Asian Waters and in the Caribbean', 'eng'),
(90, 36, 'main', 'Verfahren zur instationären Geschwindigkeitsmessung mit einem Laser-Doppler-Velocimeter', 'deu'),
(91, 36, 'abstract', 'Verfahren zur instationären Geschwindigkeitsmessung mit einem Laser-Doppler-Velocimeter', 'deu'),
(92, 37, 'main', 'Zwei Programme auf der Basis halbanalytischer Volumenelemente', 'deu'),
(93, 37, 'abstract', 'Zwei Programme auf der Basis halbanalytischer Volumenelemente', 'deu'),
(94, 38, 'main', 'Comparison of Proposed Stability Criteria with the Results of Model Tests', 'eng'),
(95, 38, 'abstract', 'Comparison of Proposed Stability Criteria with the Results of Model Tests', 'eng'),
(96, 39, 'main', 'Zur numerischen Berechnung der Druckverteilung und der Kräfte an Propellern im Schiffsnachstrom', 'deu'),
(97, 39, 'abstract', 'Zur numerischen Berechnung der Druckverteilung und der Kräfte an Propellern im Schiffsnachstrom', 'deu'),
(98, 40, 'main', 'Designanalyse von endovaskulären Aortenprothesen', 'deu'),
(99, 40, 'main', 'Design analysis of EVAR', 'eng'),
(100, 40, 'abstract', 'In den letzten Jahren hat sich die endovaskuläre Versorgung von abdominalen Aorten-Aneurysmen mittels Stentgrafts neben der konventionellen, offenen Operation als Alternativverfahren zur Vermeidung einer Gefäßruptur etabliert. Das erkrankte Gefäß wird durch eine Schlauchprothese überbrückt und somit vom systemischen Druck abgeschirmt. Trotz der Weiterentwicklung von endovaskulären Aortenprothesen in den letzten 15 Jahren weist die minimal-invasive Versorgung noch eine Re-Interventionsrate von 20% innerhalb von 4 Jahren auf. Mangelnde Abdichtung und Migration der Prothesen zählen zu den häufigsten Versagensursachen.\nIn dieser Arbeit wurden Faktoren für das Versagen von Stentgrafts identifiziert, Grundlagen zur Testung dieser Prothesen gelegt sowie Designkriterien zur Weiterentwicklung dieser Prothesen abgeleitet. Auf Grundlage von klinischen Daten, Experimenten und Berechnungen wurde eine Bestimmung und Beurteilung von Migrations- und Abdichtungsparameter qualitativ\nund quantitativ ermöglicht.\nIn 80% der untersuchten Patienten waren ein Fixierungsverlust infolge einer Gefäßdilatation oder das Abknicken der Prothese verantwortlich für die Migration der Prothesen. Es wurde gezeigt, dass die Permeabilität von Thrombus zu einem erhöhten Druck im Aneurysmasack und somit zu einem Versagen der Behandlung bei wasserdurchlässigen Prothesen und kurzen Fixierungszonen führt. Endoleckagen II verursachen eine Wiederbelastung der Gefäßwand bis zu Werten des systemischen Drucks und führen häufig zum Anwachsen des Aneurysmas.\nAufgrund der hohen Inzidenz dieser Leckage wurde ein neues Prothesendesign in Form einer dünnen, überdimensionierten Membran entwickelt, welche einen Verschluss der Kollateralen ermöglicht. Erste Ergebnisse zeigten, dass durch das Auskleiden des Aneurysmas eine verbesserte Abdichtung des Aneurysmas im Vergleich zu einer Standardprothese und eine adäquate Fixierung im Gefäß erzielt werden.', 'deu'),
(101, 40, 'abstract', 'In recent years minimally-invasive endovascular surgery of abdominal aortic aneurysms by means of stentgrafts has emerged alongside conventional open surgery as an alternative procedure for the prevention of vessel rupture. The degenerated vessel is bridged by a tubular prosthesis and is thereby decoupled from the systemic pressure. Despite the continuous evolution of endovascular stentgrafts over the last 15 years minimally-invasive treatment still suffers\na re-intervention rate of 20% within 4 years. Inadequate sealing and migration of the prostheses rank among the most frequent failure causes.\nIn this study, factors of stentgraft failure were identified, basic principles for component testing were established and design criteria for the development of prostheses were derived.\nBased on clinical data, parametric and patient-specific in vitro experiments and on mathematical models, fixation and flow forces were related to occurrence of migration in individual patients. Based on in vitro permeability measurements of thrombus and clotted grafts an analytical model was used to investigate the role of the thrombus as a sealing medium against pressure build-up in the aneurysm sac. Additionally, the influence of retrograde flow through the collateral vessels into the bridged aneurysm (endoleak II) on the pressure acting in the aneurysm was analyzed.\nIn 80% of the patient data examined, a loss of fixation due to vessel dilation in the fixation region, or kinking of the prosthesis, were responsible for migration of the prostheses. The permeability of the thrombus was found to be sufficiently high to lead to pressurisation of the aneurysm sac and thus to a failure of the treatment for a permeable prosthesis and short attachment zones. Endoleak II was found topotentially lead to re-pressurization of the vessel\nwall up to the systemic pressure and was frequently found to be the cause for dilatation of the aneurysm clinically.\nDue to the high incidence of this leakage type a new design was proposed, to completely seal the collateral vessels by means of a thin, oversized membrane. It was demonstrated that sealing of the aneurysm was improved in comparison to a standard prosthesis and appropriate fixation stability could be achieved with the new implant design.', 'eng'),
(102, 41, 'main', 'Ein Beitrag zur numerischen und experimentellen Untersuchung extremer Schiffsbewegungen', 'deu'),
(103, 41, 'abstract', 'Die Dynamik von Schiffen kann bei kleinen Anregungen durch lineare Modelle exakt beschrieben und analysiert \n werden. Wachsen die Anregungen, können die Bewegungen Amplituden annehmen, bei denen die Nichtlinearitäten des Systems nicht mehr \n vernachlässigt werden können. In diesen Fällen können das Bewegungsverhalten und das Vorhandensein kritischer Bewegungszustände nur \n noch im Zeitbereich untersucht werden, was auf Simulationen hinausläuft. Das Ergebnis einer Simulation eines nichtlinearen dynamischen \n    Systems ist jedoch stark von den Parametern des Systems sowie von den Anfangsbedingungen abhängig, so dass zu jeder Kombination aus \n    Anfangsbedingungen und Systemparametern eine Simulation erstellt werden müsste, um die Reaktion eines Schiffes auf alle relevanten \n    Seegangsbedingungen bewerten zu können.\n\nSeit zwei Jahrzehnten stehen effiziente mathematische Analyseverfahren zur Behandlung stark nichtlinearer Probleme zur Verfügung. In dieser Arbeit wird \nmit Hilfe der lokalen Verzweigungsanalyse die Existenz kritischer Bewegungsformen gezeigt. Die hydrodynamischen Kräfte und Momente werden dabei mit dem \nProgrammpaket Simbel berechnet. Trotz einer Modifikation der in Simbel implementierten Hydrodynamikberechnung stellte sich heraus, dass die Analyse eines \nvollständig modellierten Schiffes bis heute noch nicht zufriedenstellend gelingt, da die Rechenzeiten immer noch sehr lang sind. Das gleiche gilt für die \nMöglichkeit, in Versuchen preisgünstig gezielt kritische Stellen, die zu einer abrupten Änderung des Systemverhaltens durch eine minimale \nParameteränderung führen, im Experiment zu zeigen. Dabei soll es in diesen Versuchen im Entwicklungsstadium der Methoden nicht um die Untersuchung eines \nspeziellen Schiffsrumpfes unter möglichst realen Seegangsbedingungen gehen, sondern um den experimentellen Nachweis der numerisch ermittelten Phänomene. \n\nIn der vorgestellten Arbeit wird zu beiden Problemen ein Lösungsansatz entwickelt und die Tauglichkeit demonstriert. Für die Versuche ist ein Versuchsschwimmkörper mit einfacher Geometrie entwickelt worden, mit dem im Labor des Institutes umfangreiche Parameterstudien kostengünstig durchgeführt\nwerden können. Das dafür entwickelte berührungslose Positions- und Lagemesssystem liefert Messwerte mit einer Genauigkeit von bis zu einem halben Millimeter in den translatorischen und von einem Hundertstel Grad bei den rotatorischen Freiheitsgraden bei einer Frequenz von 228Hz. Diese Präzision bei einer so hohen Dynamik wird durch den Einsatz eines integrierten Messsystems aus Stereokamera und einer Inertialmesseinheit (IMU) der tactical grade–Klasse, die durch ein erweitertes kontinuierlich–diskretes Kalman–Filter in Echtzeit miteinander kombiniert werden, erreicht. Sowohl die IMU als auch die Stereokamera wurden aus Standardkomponenten aufgebaut, so dass sämtliche Sensorrohdaten und die Zwischenwerte jeder Verarbeitungsstufe vorliegen. Dieser Vorteil im Vergleich zum Einsatz einer kommerziellen IMU oder Stereokamera ermöglicht die Umsetzung unterschiedlicher Integrationstiefen bei der Kombination beider Systeme. In der rechenintensivsten Variante werden Parameter beider Subsysteme als Zustandsgröße des Gesamtsystems geführt, so dass sich einzelne Kameraparameter und IMU–Sensorfehler während des Betriebs schätzen und kompensieren lassen. Im Wellenkanal des Institutes für Mechanik und Meerestechnik ist kein Platz für umfangreiche Manöver oder Tests mit dem fahrenden Schwimmkörper vorhanden. Daher werden die Versuche hier auf einen\nstehenden oder langsam fahrenden Schwimmkörper beschränkt, was jedoch nur eine geringe Einschränkung für die Methodenvalidierung bedeutet. Durch ein dynamisches Positioniersystem wird der Schwimmkörper bei Wellenanregungen auf seiner Sollposition gehalten, ohne dass dabei die Roll- oder die Stampfbewegungen nennenswert angeregt werden. Die Positioniergenauigkeit liegt bei schwachen Anregungen bei schlimmstenfalls ±2mm, bei hohen Wellen und starken Bewegungen liegt die Genauigkeit bei ca. ±10mm quer zu den Wellen und ca. ±30mm in Wellenrichtung.\n\nMit dieser Versuchsanordnung ist es zukünftig möglich, unter beliebigen Winkeln zu den einfallenden Wellen gut wiederholbare Messungen durchzuführen, bei denen man sich in Abstimmung mit den Berechnungen den kritischen Systemzuständen nähern kann. Da die Messungen, die Regelung und die Wellenklappensteuerung miteinander vernetzt sind, kann diese Parametersuche weitestgehend automatisiert ablaufen und gegebenenfalls durch Optimierer beschleunigt werden. \n\nDie numerischen Untersuchungen werden durch ein hier in dieser Arbeit entwickeltes Modellreduktionsverfahren beschleunigt, mit dem die Ordnung des mathematischen Systems deutlich reduziert werden kann. Dies verkürzt zum einen die Rechenzeit, führt aber vor allen Dingen zu einem schnelleren Einschwingen des Systems auf eine periodische Bewegung.', 'deu'),
(104, 42, 'main', 'Charakterisierung von MOS-Transistoren vor und nach Gateoxiddurchbruch', 'deu'),
(105, 42, 'main', 'Characterization of MOS transistors before and after gate oxide breakdown', 'eng'),
(106, 42, 'abstract', 'Die fortschreitende Skalierung und zunehmende Packungsdichte integrierter Schaltkreise führt zu immer höheren Belastungen der elektronischen Bauelemente. Bei MOS-Transistoren erhöht sich dadurch die Wahrscheinlichkeit eines Gateoxiddurchbruchs. In der vorliegenden Arbeit werden Untersuchungen zum Verhalten von MOS-Transistoren vor und nach einem Gateoxiddurchbruch präsentiert. Dabei werden unterschiedliche Durchbruchsarten klassifiziert und Modelle für die DC-Kennlinien sowie für das Rauschen (Random Telegraph Signals) nach Durchbruch entwickelt. Mit Hilfe der Modelle wird abschließend die Funktion ausgewählter analoger und digitaler Schaltungen analysiert. Es zeigt sich, daß je nach Anwendung und Durchbruchstyp auch nach Durchbruch eines Transistors die Funktion der Schaltkreise erhalten bleiben kann. Mit diesem Ansatz kann bereits während der Design-Phase die Zuverlässigkeit der Schaltung untersucht werden.', 'deu'),
(107, 42, 'abstract', 'The continuous scaling of integrated circuits in the last decades has led to gate oxide thicknesses below 2nm in MOS transistors of state of the art technologies. Breakdown of such thin oxides becomes intrinsically more likely, and the 1 billion transistor chip is already within reach. Therefore, the probability of having at least one oxide breakdown within the projected circuit lifetime of 10 years seems quite high. In this work, the characteristics of MOS transistors before and after gate oxide breakdown are studied. Different categories of breakdown are identified and models for the dc characteristics as well as the noise (random telegraph signals) after breakdown are developed. The models are implemented to analyze the effect of breakdown on different analog and digital circuits. It is shown that, according to the application and breakdown type, circuits may be functional after breakdown of a transistor. With the presented approach it is possible to point out critical transistors in the circuit and analyze the impact of breakdown during the design stage.', 'eng'),
(108, 43, 'main', 'Fahrzeugklassifikation und Schätzung streckenbezogener Verkehrsdaten mit Methoden der Mustererkennung', 'deu'),
(109, 43, 'main', 'Vehicle Classification and Estimation of Section-Related Traffic Data Using Pattern Recognition Methods', 'eng'),
(110, 43, 'abstract', 'Im Rahmen dieser Arbeit werden für die Klassifikation und Wiedererkennung von Fahrzeugen mit Signalen von Induktionsschleifen effiziente Verfahren mit Mustererkennungssystemen angegeben. Unterschiedliche Ansätze zur Fahrzeugklassifikation u.a auch mit neuronalen Netzwerken werden untersucht und bewertet. Durch die Fahrzeugwiedererkennung können streckenbezogene Verkehrsdaten geschätzt werden. Im Vergleich zu einem Referenzverfahren werden zwei unterschiedliche Methoden entwickelt und analysiert. Das erste Verfahren benutzt Kostenfunktionen auf der Basis von Fahrzeugmerkmalen und lokalen Streckenprognosen, das zweite Verfahren berücksichtigt die statistischen Bindungen der Fahrzeuge im Streckenabschnitt durch eine Modellierung mit Hidden-Markov-Modellen. Die Einsatzmöglichkeit der streckenbezogenen Verkehrsdaten in Verkehrsleitsystemen wird abschließend anhand der Verkehrszustandsschätzung mit einem modellgestützten Schätzverfahren beschrieben.\n', 'deu'),
(111, 43, 'abstract', 'Im Rahmen dieser Arbeit werden für die Klassifikation und Wiedererkennung von Fahrzeugen mit Signalen von Induktionsschleifen effiziente Verfahren mit Mustererkennungssystemen angegeben. Unterschiedliche Ansätze zur Fahrzeugklassifikation u.a auch mit neuronalen Netzwerken werden untersucht und bewertet. Durch die Fahrzeugwiedererkennung können streckenbezogene Verkehrsdaten geschätzt werden. Im Vergleich zu einem Referenzverfahren werden zwei unterschiedliche Methoden entwickelt und analysiert. Das erste Verfahren benutzt Kostenfunktionen auf der Basis von Fahrzeugmerkmalen und lokalen Streckenprognosen, das zweite Verfahren berücksichtigt die statistischen Bindungen der Fahrzeuge im Streckenabschnitt durch eine Modellierung mit Hidden-Markov-Modellen. Die Einsatzmöglichkeit der streckenbezogenen Verkehrsdaten in Verkehrsleitsystemen wird abschließend anhand der Verkehrszustandsschätzung mit einem modellgestützten Schätzverfahren beschrieben.\n', 'eng'),
(112, 44, 'main', 'Einfluss hydrostatischer Druckbelastung während der in vitro Herstellung von dreidimensionalen Knorpelimplantaten', 'deu'),
(113, 44, 'main', 'Influence of hydrostatic pressure during cultivation of three-dimensional cartilage implants', 'eng'),
(114, 44, 'abstract', 'Aufgrund der unbefriedigenden Ergebnisse von konventionellen Behandlungsmethoden zur Heilung von verletztem Gelenkknorpel wird derzeit nach innovativen Therapiemöglichkeiten gesucht, mit denen Gelenkoberflächen wiederhergestellt werden können. Aktuell unterliegt die Herstellung von Knorpelimplantaten in vitro mit Methoden des Tissue Engineering intensiven Forschungs- und Entwicklungsarbeiten. \nDas dieser Arbeit zugrunde liegende Konzept sieht die in vitro Züchtung einer Knorpelschicht auf einem keramischen Trägermaterial als Knochenersatz zur Implantation in einen osteochondralen Defekt vor. Zunächst wurde durch Variationen im bestehenden Protokoll für porcine Chondrozyten (Wachstumsfaktoren, Kultivierungsdauer, Träger) eine Verbesserung der Knorpel-Träger-Konstrukte erreicht, um im Anschluss den Einfluss intermittierender hydrostatischer Druckbelastung während der Kultivierung mithilfe spezieller Bioreaktoren zu untersuchen. Es konnte für den vorhandenen Gasdruckreaktor ein Belastungsprotokoll festgelegt werden, mit dem eine höhere Knorpelqualität im Vergleich zu den unbelasteten Kultivierungen erzielt wurde. Um sich den höheren in situ auftretenden Frequenzen der Lastbeaufschlagung im Kniegelenk zu nähern, wurde im Anschluss ein zweiter Druckreaktor (Kolbendruckreaktor) entwickelt.\n', 'deu'),
(115, 44, 'abstract', 'An innovative therapy for the treatment of osteochondral defects which is currently under development is the in vitro generation of cartilage-carrier-constructs from autologes cells. After further development of the cultivation protocol using porcine chondrocytes the effect of intermittent hydrostatic pressure during the cultivation of these constructs in special bioreactors was investigated.', 'eng'),
(116, 45, 'main', 'Geruchsminimierung durch selektive Absorption unter Verwendung selektiver Absorbenzien und Waschölen', 'deu'),
(117, 45, 'main', 'Odour control by selective absorption using solubility agents and washing oils', 'eng'),
(118, 45, 'abstract', 'Ziel dieser Arbeit war es, Absorbenzien oder Löslichkeitsvermittler zu identifizieren,die die Abscheidung von Geruchsstoffen in Abluftwäschern verbessern. In Experimenten wurden Henry Koeffizienten für typische Geruchsstoffe in verschiedenen Waschflüssigkeiten bestimmt. Dabei wurden Waschöle und wässrige Lösungen mit Huminstoffen getestet, die ein sehr viel höheres Lösungsvermögen als Wasser aufwiesen.\nDie Eignung von Huminstoffen als Löslichkeitsvermittler für den Einsatz in Biowäschern konnte mit mehreren Versuchsreihen belegt werden. So war die Abscheiderate von Dimethylsulfid in Laborversuchen zwischen 34 and 50% höher bei Verwendung von Huminstoffen verglichen mit einem konventionellen Biowäscher. In Vor-ort-Versuchen mit einer Pilotanlage mit zwei Biowäschern im halbtechnischen Maßstab lag die Verbesserung bei einem einstufigen Verfahren nur zwischen 7% und 10%. Bei einem zweistufigen Verfahren konnte jedoch die Reinigungsleistung der zweiten Stufe durch den Einsatz von Huminstoffen von 35% to 80% erhöht werden.\nAls ein alternatives Konzept der absorptiven Abscheidung von Geruchsstoffen wurden Waschöle in einem Laborwäscher mit einer Regeneration der Waschöle mittels Wasserdampf-Strippens erfolgreich getestet. Es wurden kinetische Parameter bestimmt für Scale-up-Berechnungen und einen Vergleich der einzelnen Konzepte. Dabei zeigte sich, dass Biowäscher die effizienteste Variante einer absorptiven Abluftreinigung darstellen. In vielen Fällen kann mit geringem apparativen Aufwand die Reinigungsleistung von Biowäschern durch den Einsatz von Huminstoffen verbessert werden. Im Gegensatz dazu war der Ölwäscher das kostintensivste Konzept hinsichtlich Investition und Betrieb.', 'deu'),
(119, 45, 'abstract', 'Aim of this work was to identify alternative absorbents and solubility agents in\naqueous solutions, which improve absorption of odour substances from waste air. In experiments Henry coefficients of chosen odorants in alternative washing liquids were determined. Some oils and aqueous solutions with humic substances were found to have much higher solubility of many gases than water has.\nApplicability of humic substances as solubility agents in bioscrubbers were proofed and verified in several series of measurements. Within laboratory tests reduction rates of dimethyl sulphide were found to be between 34 and 50% higher when humic substances were applied compared to conventional bioscrubbers. At on-site tests with a pilot plant of two bioscrubbers, improvement by humic substance was only between 7% and 10%. Whereas, when both bioscrubbers were operated in series the reduction rate of the second step could be increased from 35% to 80% by usage of humic substances.\nWashing oils were tested in a laboratory air scrubber with a regeneration by steam stripping as an alternative concept of odour control. Kinetic constants were determined and used for scale-up calculations to compare required scrubber sizes of a conventional bioscrubber, a bioscrubber with humic substances and an oils scrubber. As a result a bioscrubber was proofed to be the most efficient concept of absorptive odour control. In many cases humic substances used as solubility agents improve reduction rates with little supplemental efforts. In contrast the oil scrubber was determined to be the most cost intensive concept towards investigation and operation.', 'eng'),
(120, 46, 'main', 'Universitätsbibliothek der Technischen Universität Hamburg-Harburg : Entwicklung, Aufgaben, Neubau', 'deu'),
(121, 46, 'abstract', '[Geleitwort] Mit dem Umzug der Universitätsbibliothek der Technischen Universität Hamburg-Harburg in einen Neubau auf dem Campus erhält diese die vorgesehenen, für ihre Funktion optimierten Räumlichkeiten. Hierdurch werden die Arbeitsbedingungen und damit auch die Serviceleistungen für die Mitglieder der Technischen Universität und für Nachfrager aus der Region erheblich verbessert. [...]', 'deu'),
(122, 47, 'main', 'Flachwassereffekte und Kanalkorrekturen', 'deu'),
(123, 47, 'abstract', 'Flachwassereffekte und Kanalkorrekturen', 'deu'),
(124, 48, 'main', 'Über die Berechnung des Wellenwiderstandes nach verschiedenen Verfahren und Vergleich mit einigen experimentellen Ergebnissen', 'deu'),
(125, 48, 'abstract', 'Über die Berechnung des Wellenwiderstandes nach verschiedenen Verfahren und Vergleich mit einigen experimentellen Ergebnissen', 'deu'),
(126, 49, 'main', 'Über den Einfluß nichtlinearer Effekte auf hydrodynamische Kräfte bei erzwungenen Tauchbewegungen prismatischer Körper', 'deu'),
(127, 49, 'abstract', 'Über den Einfluß nichtlinearer Effekte auf hydrodynamische Kräfte bei erzwungenen Tauchbewegungen prismatischer Körper', 'deu'),
(128, 50, 'main', 'Einige Grundlagen für die Anwendung quadratischer Mittelwertrechner bei Seegangsversuchen', 'deu'),
(129, 50, 'abstract', 'Einige Grundlagen für die Anwendung quadratischer Mittelwertrechner bei Seegangsversuchen', 'deu'),
(130, 51, 'main', 'Lineartheoretische Abhandlung über die optimale Verringerung des Wellenwiderstandes gegebener Schiffsformen durch einen Wulst in symmetrischer oder asymmetrischer Anordnung', 'deu'),
(131, 51, 'abstract', 'Lineartheoretische Abhandlung über die optimale Verringerung des Wellenwiderstandes gegebener Schiffsformen durch einen Wulst in symmetrischer oder asymmetrischer Anordnung', 'deu'),
(132, 52, 'main', 'Die hydrodynamischen Kräfte bei der periodischen Bewegung zweidimensionaler Körper an der Oberfläche flacher Gewässer', 'deu'),
(133, 52, 'abstract', 'Die hydrodynamischen Kräfte bei der periodischen Bewegung zweidimensionaler Körper an der Oberfläche flacher Gewässer', 'deu'),
(134, 53, 'main', 'Ein Beitrag zur Berücksichtigung von Risiko und Unsicherheiten beim Schiffsentwurf', 'deu'),
(135, 53, 'abstract', 'Ein Beitrag zur Berücksichtigung von Risiko und Unsicherheiten beim Schiffsentwurf', 'deu'),
(136, 54, 'main', 'Photogrammetrische Formbestimmung der Kavitationsblasen', 'deu'),
(137, 54, 'abstract', 'Photogrammetrische Formbestimmung der Kavitationsblasen', 'deu'),
(138, 55, 'main', 'Basic Theory of Wave Analysis', 'eng'),
(139, 55, 'abstract', 'Basic Theory of Wave Analysis', 'eng'),
(140, 56, 'main', 'Elastische Schwingungen des Schiffes, erregt durch nichtlineare Kräfte des natürlichen, unregelmäßigen Seegangs', 'deu'),
(141, 56, 'abstract', 'Elastische Schwingungen des Schiffes, erregt durch nichtlineare Kräfte des natürlichen, unregelmäßigen Seegangs', 'deu'),
(142, 57, 'main', 'Determination of the Elastic-plastic Transition of Human Enamel by Nanoindentation', 'eng'),
(143, 57, 'abstract', 'Objectives/Methods: From a materials scientist''s perspective, dental materials used for tooth repair should exhibit compatible mechanical properties. Fulfillment of this criterion is complicated by the fact that teeth have a hierarchical structure with changing mechanical behavior at different length scales. In this study, nanoindentation with an 8 &#956;m spherical indenter was used to determine the elastic/plastic transition under contact loading for enamel.\n\nResults: The indentation elastic/plastic transition of enamel at the length scale of several hundreds of hydroxyapatite crystallites, which are within one enamel rod, is revealed for the first time. The corresponding penetration depth at the determined indentation yield point of 1.6 GPa and 0.6 % strain is only 7 nm. As a consequence of the small depth it is decisive for the experiment to calibrate the indenter tip radius in this loading regime. The elastic modulus of 123 GPa was evaluated directly by the Hertzian penetration and not by the unloading part of the indentation curve.\n\nSignificance: We believe these data are also a valuable contribution to understand the mechanical behavior of enamel and to develop nanoscale biomimetic materials.', 'eng'),
(144, 58, 'main', 'The fracture behaviour of dental enamel', 'eng'),
(145, 58, 'abstract', 'Abstract\nEnamel is the hardest tissue in the human body covering the crowns of teeth. Whereas the underlying dental material dentin is very well characterised in terms of mechanical and fracture properties, available data for enamel are quite limited and are apart from the most recent investigation mainly based on indentation studies. Within the current study, stable crack-growth experiments in bovine enamel have been performed, to measure fracture resistance curves for enamel. Single edge notched bending specimens (SENB) prepared out of bovine incisors were tested in 3-point bending and subsequently analysed using optical and environmental scanning electron microscopy. Cracks propagated primarily within the protein-rich rod sheaths and crack propagation occurred under an inclined angle to initial notch direction not only due to enamel rod and hydroxyapatite crystallite orientation but potentially also due to protein shearing. Determined mode I fracture resistance curves ranged from 0,8 – 1,5 MPa*m1/2 at the beginning of crack propagation up to 4,4 MPa*m1/2  at 500 &#61549;m crack extension; corresponding mode II values ranged from 0,3 to 1,5 MPa*m1/2.\n', 'deu'),
(146, 59, 'main', 'Building on experience : learning from the past to plan for the future ; documentation of new library buildings in Europe', 'deu'),
(147, 59, 'abstract', 'Dokumentation von Europäischen Bibliotheksbauprojekten. Online-Ausgabe.', 'deu'),
(148, 59, 'abstract', 'Documentation of European library buildings. Online-Edition.', 'eng'),
(149, 60, 'main', 'Building on Experience. Learning from the Past to Plan for the Future ; Documentation of new library buildings in Europe . Material supplement', 'deu'),
(150, 60, 'abstract', 'Dokumentation europäischer Bibliotheksbauten. Materialband', 'deu'),
(151, 60, 'abstract', 'Documentation of European library buildings. Material supplement', 'eng'),
(156, 62, 'main', 'Investigation of the dielectric and piezoelectric properties of potassiumsodium niobate ceramics close to the phase boundary at (K0.35Na0.65)NbO3 and partial substitutions with lithium and antimony', 'eng'),
(157, 62, 'abstract', 'Potassium sodium niobate (KNN) piezoelectric ceramics and KNN substituted with lithium (Li+) and antimony (Sb5+) have been synthesized by the conventional solid state sintering method. This work focuses on the phase transition in the KNN system at potassium (K+) content of approximately 0.35. Therefore, K amount was altered from 0.31 to 0.35. Additionally, Li+ and Sb5+ were used for partial substitution (up to 8% for Sb) thereby enhancing the piezoelectric and dielectric properties. However, addition of Li+ and Sb5+ also lead to a decrease in both the Curie temperature (TC) and the first order phase transition temperature (TT-O) of the ceramics. Addition of more than 4 mol% of Li+ led to the formation of extra phases. The piezoelectric properties within the given composition range were found to be optimum at (K0.34Na0.64Li0.02)(Nb0.96Sb0.04)O3. A piezoelectric charge coefficient (d33) of 404 pm/V for this composition was obtained from unipolar strain hysteresis measurements.\n\n', 'eng');
INSERT INTO `document_title_abstracts` (`id`, `document_id`, `type`, `value`, `language`) VALUES
(158, 63, 'main', 'Investigation of phase boundaries in the system (KxNa1-x)1-yLiy(Nb1-zTaz)O3 using High-Throughput Experimentation (HTE)', 'eng'),
(159, 63, 'abstract', 'A High-Throughput Experimental (HTE) approach starting from dry, fine-grained\npowders was used to synthesize bulk samples in the system (KxNa1-x)1-yLiy(Nb1-zTaz)O3, a doped variant of the piezoelectric (K0.5Na0.5)NbO3 (KNN). Starting from the system (K0.5Na0.5)1-yLiy(Nb1-zTaz)O3 known from the works of Saito et al. an effort was made toestablish a higher-order phase diagram. Special emphasis was put on expanding the known morphotropic phase boundary that constitutes a region of special interest for electroceramic materials as it features maximum piezoelectric properties. Analyses were performed using a HTE-compatible technique, namely automated powder X-ray diffraction (XRD).', 'eng'),
(160, 64, 'main', 'Effect of MnO2 on the dielectric and piezoelectric properties of Alkaline Niobate based lead free piezoelectric ceramics', 'eng'),
(161, 64, 'abstract', 'Lead free ferroelectric ceramics of the KNN–LiTaO3–LiSbO3 system were prepared\nusing the mixed oxide route. This work reports the effect of doping\n(K0.44Na0.52Li0.04)(Nb0.86Ta0.1Sb0.04)O3 produced through the conventional solid state sintering method with different amounts of MnO2. With 1 mol% of the dopant, ~ 96.5% of the theoretical density of the ceramics was achieved while grain growth inhibition was attained through pinning of the grain boundary movement. A polymorphic phase transition (PPT) was induced in the ceramic from the orthorhombic crystal structure to the tetragonal structure with increasing dopant amount. At lower temperatures, the doped samples had higher epsilon values but there was a decrease in both Tc (from 333 &#9702;C to 249 &#9702;C) and epsilon value at Tc (from &#8776;9500 to <6000). At temperatures below 300 &#9702;C however, the loss tangent in the doped samples (&#8776;2.5 mol%) was much lower and steady when compared to the undoped one. The ferroelectric properties were slightly lowered with the addition of MnO2. The remnant polarisation (Pr) was lowered from ~18&#956;C/cm2 to ~9&#956;C/cm2, the coercive field (Ec) from ~ 8.5 kV/cm to ~ 6.2 kV/cm and the piezoelectric charge coefficient (d33) decreased as well.', 'eng'),
(162, 65, 'main', 'Size-dependent elastic-inelastic behavior of enamel over millimeter and nanometer length scales', 'eng'),
(163, 65, 'abstract', 'The microstructure of enamel like most biological tissues has a hierarchical structure which determines their mechanical behavior. However, current studies of the mechanical behavior of enamel lack a systematic investigation of these hierarchical length scales. In this study, we performed macroscopic uni-axial compression tests and the spherical indentation with different indenter radii to probe enamel’s elastic/inelastic transition over four hierarchical length scales, namely: ‘bulk enamel’ (mm), ‘multiple-rod’ (10’s µm),  intra-rod’ (100’s nm with multiple crystallites) and finally ‘single-crystallite’ (10’s nm with an area of approximately one hydroxyapatite crystallite). The enamel’s elastic/inelastic transitions were observed at 0.4-17GPa depending on the length scale and were compared with the values of synthetic hydroxyapatite crystallites. The elastic limit of a material is important as it provides insights into the deformability of the material before fracture. At the smallest investigated length scale (contact radius ~20nm), elastic limit is followed by plastic deformation. At the largest investigated length scale (contact size ~1mm), only elastic then micro-crack induced response was observed. A map of elastic/inelastic regions of enamel from millimeter to nanometer length scale is presented. Possible underlying mechanisms are also discussed.', 'eng'),
(164, 66, 'main', 'Nachstrommessungen an einem Schiffsmodell im Windkanal', 'deu'),
(165, 66, 'abstract', 'Nachstrommessungen an einem Schiffsmodell im Windkanal', 'deu'),
(166, 67, 'main', 'Der Einfluss des Ladungsmengenrisikos auf die optimale Flottenstruktur von Handelsschiffen im Liniendienst', 'deu'),
(167, 67, 'abstract', 'Der Einfluss des Ladungsmengenrisikos auf die optimale Flottenstruktur von Handelsschiffen im Liniendienst', 'deu'),
(168, 68, 'main', 'CPMC : a novel facility for planar motion testing of ship models', 'deu'),
(169, 68, 'abstract', 'CPMC - a novel facility for planar motion testing of ship models', 'eng'),
(170, 69, 'main', 'Modellversuche mit extrem breiten Schiffsformen', 'deu'),
(171, 69, 'abstract', 'Modellversuche mit extrem breiten Schiffsformen', 'deu'),
(172, 70, 'main', 'Behaviour of navigators in critical traffic situations', 'deu'),
(173, 70, 'abstract', 'Behaviour of navigators in critical traffic situations', 'eng'),
(174, 71, 'main', 'Berechnung des durch die Kavitationsgebiete auf den Propellerflügeln an einer Platte induzierten instationären Druckes', 'deu'),
(175, 71, 'abstract', 'Berechnung des durch die Kavitationsgebiete auf den Propellerflügeln an einer Platte induzierten instationären Druckes', 'deu'),
(176, 72, 'main', 'Tauch- Und Stampfbewegung 2: Bewegungen, Kräfte und Druckverteilungen', 'deu'),
(177, 72, 'abstract', 'Tauch- Und Stampfbewegung 2: Bewegungen, Kräfte und Druckverteilungen', 'deu'),
(178, 73, 'main', 'Berechnung von Trossensystemen nach der Klaffungsmethode', 'deu'),
(179, 73, 'abstract', 'Berechnung von Trossensystemen nach der Klaffungsmethode', 'deu'),
(180, 74, 'main', 'Festigkeit von schwimmenden Eisdecken', 'deu'),
(181, 74, 'abstract', 'Festigkeit von schwimmenden Eisdecken', 'deu'),
(182, 75, 'main', 'Vergleichende Windkanalversuche mit einem Leitkopfruder und einem Balanceruder', 'deu'),
(183, 75, 'abstract', 'Vergleichende Windkanalversuche mit einem Leitkopfruder und einem Balanceruder', 'deu'),
(184, 76, 'main', 'Zur Frage des Trimmausgleichs bei der Berechnung des aufrichtenden Moments im längslaufenden Seegang', 'deu'),
(185, 76, 'abstract', 'Zur Frage des Trimmausgleichs bei der Berechnung des aufrichtenden Moments im längslaufenden Seegang', 'deu'),
(186, 77, 'main', 'Untersuchung von Schichtsystemen für kristallisierte Dünnschichtsiliziumsolarzellen auf Glas', 'deu'),
(187, 77, 'main', 'Analysis of thin film systems for crystallised silicon solar cells on floatglass', 'eng'),
(188, 77, 'abstract', 'Solarzellenmodule auf Basis von mono- oder polykristallinen Siliziumwafern\nhaben gegenwärtig einen hohen technologischen Stand erreicht. Sowohl die\nstabilen Zellwirkungsgrade als auch die Fertigungsqualität der Module erlauben\nden Herstellern langfristige Garantiezusicherungen, die dem Anwender neben der ohnehin gewährleisteten frühzeitigen energetischen Amortisierung in Deutschland durch das erneuerbare Energiengesetz auch eine lohnende finanzielle Investition ermöglicht. Im Vergleich mit anderen Formen der Stromproduktion sind die Anfangskosten der Fotovoltaik jedoch immer noch zu hoch, um bei den gegenwärtigen Strompreisen konkurrenzfähig zu sein. Die wesentlichen Kosten und Energieaufwändungen einer Solarzelle auf Waferbasis skalieren direkt mit der Menge an eingesetztem Reinstsilizium. \nEine weitere Reduktion derWaferdicke oder der Sägeverluste ist nur noch in\nsehr begrenztem Maße möglich. Ein signifikantes Verringern des Materialeinsatzes\nlässt sich nur durch den Einsatz von materialfremden Substraten erreichen, die lediglich die mechanische Stabilität gewährleiten sollen. In dieser Arbeit wurden Substrate aus gezogenen Flachgläsern gewählt, die sowohl in der Energiebilanz als auch vom Kosteneinsparpotenzial deutlich unter dem Niveau von hochreinem Silizium liegen. Durch den Einsatz von Siliziumabscheideverfahren\nwird nur soviel Material auf dem Substrat erzeugt, wie für die elektrische Funktion erforderlich ist. Durch den Einsatz des Zonenziehprozesses entstehen polykristalline Schichten, wodurch die Materialeigenschaften denen des Wafers angeglichen werden können. Polykristalline Schichten mit Korngrößen oberhalb der Schichtdicke lassen sich nur durch ein Aufschmelzen des Siliziums erreichen. Obwohl der Erweichungspunkt der eingesetzten Flachgläser deutlich unterhalb der Siliziumschmelztemperatur liegt, wird durch den Linienelektronenstrahlprozess die zum Aufschmelzen erforderliche Temperatur in dem abgeschiedenen Silizium erreicht, ohne das darunter befindliche Glas zu beschädigen. Neben einer geeigneten Prozessführung für die Kristallisation sind zusätzliche zu dem Silizium weitere aufeinander abgestimmte Schichten erforderlich, um die Funktion der Zelle zu gewährleisten. \nDer Fokus dieser Arbeit lag darauf, Konzepte für Solarzellenschichtpakete\nzu entwerfen und diese anschließend zu realisieren. Es wurde ein Rückseitenund\nein Vorderseitenkonzept erarbeitet, wobei die grundsätzlichen Anforderungen\nan den Schichtaufbau für beide Konzepte sehr ähnlich sind. Sie bestehen\njeweils aus einem Substrat, einer Zwischenschicht, einem Absorber, einem Emitter und einer Kontaktierung. Für die mehrfachen Anforderungen an die Zwischenschicht, die sowohl Verunreinigungnen aus dem Glas zurückhalten,\nals auch der Siliziumschmelze widerstehen und gegebenenfalls elektrisch\nleitfähig sein soll, wurdenWolfram,Wolframnitrid und Siliziumkarbid als Materialien gewählt. Der eigentliche Lichtabsorber aus Silizium wurde\nwahlweise in einem LPCVD-, PECVD- oder PVD Prozess hergestellt, da hier der Fokus auf einer schnellen und kostengünstigen Lösung lag, um hochreines\nSilizium abzuscheiden. Der abschließende Emitter und die Kontaktierung\nwurden mit einem am Helmholtz Institut für solare Energiesysteme in Berlin entwickelten a-Si Heteroemitter mit TCO/Aluminium Kontaktierung ausgeführt, der auf Siliziumwafern erfolgreich erprobt wurde. Für die Realisierung der einzelnen Schichten wurden innerhalb dieser Arbeit mehrere Dünnschichtprozesse entwickelt, charakterisiert und hinsichtlich des Einsatzes in der Zelle optimiert.', 'deu'),
(189, 77, 'abstract', 'The material efford for thin film silicon solar cells on floatglass is significantly lower than for wafer based cells. Polycrystalline silicon films have been produced by zone melting crystallisation with a focussed electron beam. Layer systems based on glass, tungsten W, tungstennitride WN,siconcarbide SiC and silicon Si were produced and analysed. Realised solar cells based on these\nlayer systems showed an efficiency of 1.75%.', 'eng'),
(190, 78, 'main', 'Kavitationseinflüsse auf die vom Propeller induzierten Druckschwankungen', 'deu'),
(191, 78, 'abstract', 'Kavitationseinflüsse auf die vom Propeller induzierten Druckschwankungen', 'deu'),
(192, 79, 'main', 'Planar integriertes Mikromassenspektrometer : Simulation, Ansteuerung und Charakterisierung', 'deu'),
(193, 79, 'main', 'Planar integrated micro mass spectrometer : simulation, control and characterization', 'eng'),
(194, 79, 'abstract', 'Das Konzept, die Entwicklung und die Charakterisierung eines planar integrierten Mikromassenspektrometers (PIMMS), gefertigt in Mikrosystemtechnik, wird vorgestellt. Schwerpunkte sind die Berechnung und Simulation von Ionentrajektorien, die Elektronenerzeugung durch ein Mikroplasma und die Ansteuerelektronik. Durch die Messung von Massenspektren wird erstmals der experimentelle Funktionsnachweis des PIMMS erbracht.\n', 'deu'),
(195, 79, 'abstract', 'The concept, development and characterization of the planar integrated micro mass spectrometer (PIMMS), fabricated in microsystems technology, is presented. Key topics are the calculation and simulation of ion trajectories, the generation of electrons by a micro plasma and the control electronics. The measurement of mass spectra with the PIMMS shows the experimental proof of concept.', 'eng'),
(196, 80, 'main', 'Orthopädische Trennverfahren unter besonderer Berücksichtigung des Strahlschneidens', 'deu'),
(197, 80, 'main', 'Water-jet-cutting in orthopedic surgery', 'eng'),
(198, 80, 'abstract', 'Bei verschiedenen orthopädischen Operationen,finden sich Probleme, die den Trennprozess betreffen: bei der mikroinvasiven Nukleotomie wird der Nukleus pulposus durch einen kleinen Arbeitskanal abgetragen. Mechanische Werkzeuge oder ein LASER erlauben keinen gewebeselektiven Materialabtrag, und bergen die Gefahr andere Gewebe, wie z.B. den Anulus fibrosus zu schädigen.\nBei der Endoprothesenrevision muss gesunder Knochen geopfert werden, weil bisher bekannte Trennverfahren für den Materialabtrag im Spalt zwischen Knochen und Prothese ungeeignet sind. Bei der Endoprothesenimplantation oder der Osteotomie fehlt bisher ein athermisches Trennverfahren mit hoher geometrischer Genauigkeit. Das Trennen mit Hochdruckflüssigkeitsstrahlen hat sich u.a. beim Bearbeiten von thermosensiblen Verbundwerkstoffen bewährt. Der entscheidende Vorteil einer medizinischen DWS-Anwendung liegt in der Möglichkeit des selektiven Materialabtrags und im athermischen Trennprozess.\nZiel der vorliegenden Arbeit war es, die Eignung der DWS-Technik für operative Trennprozesse in der Orthopädie zu hinterfragen und den Materialabtragsprozess im Gewebe zu untersuchen.', 'deu'),
(199, 80, 'abstract', '...', 'eng'),
(200, 81, 'main', 'Erster Interdisziplinärer Workshop Maritime Systeme : aktuelle Ergebnisse aus laufenden Promotionsprojekten an der TUHH', 'deu'),
(201, 81, 'main', '1st Interdisciplinary Workshop on Maritime Systems - Latest Results of Ph.D. Projects at TUHH', 'eng'),
(202, 81, 'abstract', 'Es handelt sich um die Sammlung der Beiträge zum ersten Interdisziplinären Workshop Maritime Systeme der TUHH. Folgende Beiträge sind enthalten:\n - Vereinfachte Bestimmung des effektiven Nachstroms in Manövriersituationen\n - Numerische Untersuchungen zur Grundberührung von Schiffen Betriebsgrenzen von Ladeoperationen im Seegang\n - Innovative lasergestützte Schweißfertigung im Schiffbau\n - Festigkeit von mit großem Luftspalt verschweißten Stößen von Schiffssektionen\n - Mehrskalenberechnungen mit Anwendungen auf zelluläre Materialien\n - Corporate Sustainability Management in der Containerschifffahrt\n - EMV Probleme auf modernen Schiffen\n - Source Localization and Tracking with a Swarm of Autonomous Underwater Vehicles', 'deu'),
(203, 82, 'main', 'Mixed-mode stress intensity factors for kink cracks with finite kink length loaded in tension and bending', 'eng'),
(204, 82, 'abstract', 'Fracture toughness resistance curves describe a material’s resistance against crack propagation. These curves are often used to characterize biomaterials like bone, nacre or dentin as these materials commonly exhibit a pronounced increase in fracture toughness with crack extension due to co-acting mechanisms as crack bridging, crack deflection and microcracking. The knowledge of appropriate stress intensity factors which depend on sample and crack geometry is essential for determining these curves. For the dental biomaterials\nenamel and dentin it was observed that under bending and tensile loading crack propagation occurs under certain constant angles to the initial notch direction during testing procedures used for fracture resistance curves determination. For this special crack geometry (kink crack of finite length in a finite body) appropriate geometric function solutions are missing. Hence, we present in this study new mixed-mode stress intensity factors for kink cracks with finite\nkink length within samples of finite dimensions for two loading cases (tension and bending)which were derived from a combination of mixed-mode stress intensity factors of kink cracks with infinitely small kinks and of slant cracks. These results were further applied to determine fracture resistance curves of enamel and dentin by testing single edge notched bending(SENB) specimens. It was found that kink cracks with finite kink length exhibit identical stress fields as slant cracks as soon as the kink length exceeds 0,15 times the initial straight crack or notch length. The usage of stress intensity factor solutions for infinitely small kink cracks for the determination of dentin fracture resistance curves (as was done by other researchers) leads to an overestimation of dentin’s fracture resistance of up to 30%.', 'eng'),
(205, 83, 'main', 'Crack arrest within teeth at the dentinoenamel junction caused by elastic modulus mismatch', 'eng'),
(206, 83, 'abstract', 'Enamel and dentin compose the crowns of human teeth. They are joined at the dentinoenamel junction (DEJ) which is a very strong and well-bonded interface unlikely to fail within healthy teeth despite the formation of multiple cracks within enamel during a lifetime of exposure to masticatory forces. These cracks commonly are arrested when reaching the DEJ. The phenomenon of crack arrest at the DEJ is described in many publications but there is little consensus on the underlying cause and mechanism. Explanations range from the DEJ having a larger toughness than both enamel and dentin up to the assumption that not the DEJ itself causes crack arrest but the so-called mantle dentin, a thin material layer close to the DEJ that is somewhat softer than the bulk dentin. In this study we conducted 3-point bending experiments with bending bars consisting of the DEJ and surrounding enamel and dentin to investigate crack propagation and arrest within the DEJ region. Calculated stress intensities around crack tips were found to be highly influenced by the elastic modulus mismatch between enamel and dentin and hence, the phenomenon of crack arrest at the DEJ could be\nexplained accordingly via this elastic modulus mismatch.', 'eng'),
(207, 84, 'main', 'Trau keinem über 30? Die TUB wird 30! Kolloquium über eBooks  und die Zukunft der Bibliothek  anläßlich des 30-jährigen Bestehens der Universitätsbibliothek der TU Hamburg-Harburg', 'deu'),
(208, 84, 'main', 'Don''t trust anybody beyond 30? The TUB goes 30! Colloquium on eBooks and the future of the library on the occasion of the 30. anniversary of the TUHH university library', 'eng'),
(209, 84, 'abstract', '"Tüchtig Und Beliebt" – so löste TUHH-Präsident Prof. Kreuzer die Abkürzung TUB für die Universitätsbibliothek der TUHH in seinem Grußwort auf. Die TUB nahm ihr 30-jähriges Bestehen zum Anlass, sich mit der aktuellen Gegenwart und mit der Zukunft zu beschäftigen, und hatte am 4. November 2009 zur Teilnahme an einem Kolloquium mit dem Schwerpunkt E-Books in den Karl-H.-Ditze-Hörsaal der TUHH eingeladen. Das Motto der Veranstaltung lautete "Trau keinem über 30? Die TUB wird 30!" Neben der Nutzung der zur Zeit schon im Rahmen der digitalen Bibliothek der TUHH angebotenen E-Books wissenschaftlicher Verlage wurden auch spezielle Ausgabegeräte, sogenannte eBook-Reader, im Rahmen des Kolloquiums diskutiert. Nach dem Kolloquium lud die Bibliothek ein, bei einem Glas Wasser oder Wein eBook-Reader im Selbstversuch zu testen. Dieser Band dokumentiert die auf dem Kolloquium gehaltenen Vorträge und hofft damit, zur aktuellen Diskussion um eBooks und die Bibliothek der Zukunft beizutragen.\n\nNeben zwei PDF-Dateien, eine mit Verweisungen und eine im Archiv-Format von pdf, wird Ihnen dieses eBook neben einer HTML-Version auch im epub-Format für Ihren eBook-Reader angeboten.', 'deu'),
(210, 85, 'main', 'Erzeugung und Vernichtung von Wasserwellen', 'deu'),
(211, 85, 'abstract', 'Erzeugung und Vernichtung von Wasserwellen', 'deu'),
(212, 86, 'main', 'On a simple method for calculating laminar boundary layers', 'eng'),
(213, 86, 'abstract', 'Simple method for calculating laminar boundary layers', 'eng'),
(214, 87, 'main', 'Über den Reibungswiderstand von Platten', 'deu'),
(215, 87, 'abstract', 'Über den Reibungswiderstand von Platten', 'deu'),
(216, 88, 'main', 'Die Behandlung von Problemen der Schiffstheorie mit Hilfe eines elektronischen Rechenautomaten', 'deu'),
(217, 88, 'abstract', 'Die Behandlung von Problemen der Schiffstheorie mit Hilfe eines elektronischen Rechenautomaten', 'deu'),
(218, 89, 'main', 'Überblick über die Strömungslehre', 'deu'),
(219, 89, 'abstract', 'Überblick über die Strömungslehre', 'deu'),
(220, 90, 'main', 'Machbarkeitsstudie von regenwurm-unterstützten Pflanzenkläranlagen und Möglichkeit der Verwendung von alternativen Pflanzen in Pflanzenkläranlagen', 'deu'),
(221, 90, 'main', 'Implementation of earthworm-assisted constructed wetlands to treat wastewater and possibility of using alternative plants in constructed wetlands', 'eng'),
(222, 90, 'abstract', 'The aim of this research was to add the earthworms into the constructed wetlands, both in Germany and Thailand, in order to investigate whether they could improve the treatment performances. For Germany, earthworm-assisted constructed wetlands exhibited better treatment efficiency than conventional vertical subsurface-flow constructed wetlands and the unplanted constructed wetlands with earthworms.  For Thailand, the production of sludge on the surface of wetlands was reduced by 40% with earthworms. Apart from that, alternative plants with high resource recovery potential were proposed. The recommendation table was developed with 13 suitable species. There are more than one “most appropriate species” in each climatic region.', 'eng'),
(223, 90, 'abstract', 'Ziel dieser Forschungsarbeit war die Untersuchung des Potentials zur Steigerung der Effizienz von Pflanzenkläranlagen durch Zugabe von Regenwürmern. In Deutschland zeigte sich für die mit Regenwürmern unterstützen Pflanzenkläranlagen eine deutlich bessere Abbauleistung als für das einfache Pflanzenkläranlagenverfahren. In Thailand war in Versuchen mit den Regenwürmern eine um 40 % geringere Schlammbildung zu beobachten. Zusätzlich wurden verschiedene Pflanzen mit hohem Potenzial zur Wertstoffrückgewinnung in Bezug auf die Anwendung in Pflanzenkläranlagen untersucht. Eine Empfehlungstabelle mit 13 Pflanzenarten wurde entwickelt. Für jedes der  betrachteten klimatischen Gebiete eignen sich mehrere Spezies.', 'deu');

--
-- Daten für Tabelle `file_hashvalues`
--

INSERT INTO `file_hashvalues` (`file_id`, `type`, `value`) VALUES
(1, 'gpg-D861C787EA271048', '-----BEGIN PGP SIGNATURE-----\nVersion: GnuPG v1.4.9 (GNU/Linux)\n\niEYEABECAAYFAkwI8egACgkQ2GHHh+onEEgpMQCgg2NwA+bWkfQz+uYzHIgxGrEn\n9OAAoK/O2LWH81tyt5A/0RNPz5+Xz002\n=A0ZJ\n-----END PGP SIGNATURE-----\n'),
(2, 'gpg-D861C787EA271048', '-----BEGIN PGP SIGNATURE-----\nVersion: GnuPG v1.4.9 (GNU/Linux)\n\niEYEABECAAYFAkwI8egACgkQ2GHHh+onEEgpMQCffWwtswCH83tPSKyPM2hQ0xxj\ntSAAoIr/Y8Tluo8uvlFn5AS6QCypYLrQ\n=saPp\n-----END PGP SIGNATURE-----\n'),
(3, 'gpg-D861C787EA271048', '-----BEGIN PGP SIGNATURE-----\nVersion: GnuPG v1.4.9 (GNU/Linux)\n\niEYEABECAAYFAkwI8ekACgkQ2GHHh+onEEhEAwCgsUOprWX/3KnU6L5DzzD/ESCG\nrIwAnAgL8uCjjMOI0e66Elt1Aa+YEqlu\n=9wAu\n-----END PGP SIGNATURE-----\n'),
(4, 'gpg-D861C787EA271048', '-----BEGIN PGP SIGNATURE-----\nVersion: GnuPG v1.4.9 (GNU/Linux)\n\niEYEABECAAYFAkwI8ekACgkQ2GHHh+onEEgpzACfQgRsoRIRh/e+0W0PmvL1mhl8\npckAnRHlwXWR87/Hb7siiP6nXsaYX6Ya\n=L6Wp\n-----END PGP SIGNATURE-----\n'),
(5, 'gpg-D861C787EA271048', '-----BEGIN PGP SIGNATURE-----\nVersion: GnuPG v1.4.9 (GNU/Linux)\n\niEYEABECAAYFAkwI8e4ACgkQ2GHHh+onEEiZIQCgpQIXzz1ZpIhy7xej1IRwZrX7\nXfcAnArqeXezVpEzYj3scShg01sd7JFq\n=WbKL\n-----END PGP SIGNATURE-----\n'),
(6, 'gpg-D861C787EA271048', '-----BEGIN PGP SIGNATURE-----\nVersion: GnuPG v1.4.9 (GNU/Linux)\n\niEYEABECAAYFAkwI8fAACgkQ2GHHh+onEEgfmACgsro/5g2tDVAmrpMkPYpMlrhF\nwToAoIwkvIHeIh7tDO0njXfNUnudgaPR\n=re01\n-----END PGP SIGNATURE-----\n'),
(7, 'gpg-D861C787EA271048', '-----BEGIN PGP SIGNATURE-----\nVersion: GnuPG v1.4.9 (GNU/Linux)\n\niEYEABECAAYFAkwI8fMACgkQ2GHHh+onEEjw0ACfb74La4I8kRnc/UT3iQNcnSJl\n3IMAoIkJwUPmkeaBCgh2c68s/duSY2VR\n=ZNLb\n-----END PGP SIGNATURE-----\n'),
(8, 'gpg-D861C787EA271048', '-----BEGIN PGP SIGNATURE-----\nVersion: GnuPG v1.4.9 (GNU/Linux)\n\niEYEABECAAYFAkwI8fMACgkQ2GHHh+onEEhS4wCeN4C1++ZuF0Jn7upd9IW07bAX\nht4AnjAPi8XZGCiP/r5t66g/hFX0cuH/\n=DJvX\n-----END PGP SIGNATURE-----\n'),
(9, 'gpg-D861C787EA271048', '-----BEGIN PGP SIGNATURE-----\nVersion: GnuPG v1.4.9 (GNU/Linux)\n\niEYEABECAAYFAkwI8fMACgkQ2GHHh+onEEgvgwCdEbsEY4/GJrmo4gYCgoZa2+m2\nBwkAn3Gykk3VFSXLDtfy4v5S1Jk44Yec\n=QSbt\n-----END PGP SIGNATURE-----\n'),
(10, 'gpg-D861C787EA271048', '-----BEGIN PGP SIGNATURE-----\nVersion: GnuPG v1.4.9 (GNU/Linux)\n\niEYEABECAAYFAkwI8fQACgkQ2GHHh+onEEj/awCgkHKNsRAmW2FFmazRGc5E+yOT\nbd8AnimTT0Ja6J0WFVN5e02D9vcZeIZ/\n=bHsN\n-----END PGP SIGNATURE-----\n'),
(11, 'gpg-D861C787EA271048', '-----BEGIN PGP SIGNATURE-----\nVersion: GnuPG v1.4.9 (GNU/Linux)\n\niEYEABECAAYFAkwI8fQACgkQ2GHHh+onEEhqeACbBUF+rrh4pUUokVRMes79WqwO\n2rQAn19QC2Ci4aHcy72QfMrvs6N3TIo+\n=67CQ\n-----END PGP SIGNATURE-----\n'),
(12, 'gpg-D861C787EA271048', '-----BEGIN PGP SIGNATURE-----\nVersion: GnuPG v1.4.9 (GNU/Linux)\n\niEYEABECAAYFAkwI8fUACgkQ2GHHh+onEEi+8wCfSFuXx3KHwpsi1ou7PYU3/J1/\n3rQAnRaof358pK+vVPqW2ynBm8NMcz/U\n=uv8K\n-----END PGP SIGNATURE-----\n'),
(13, 'gpg-D861C787EA271048', '-----BEGIN PGP SIGNATURE-----\nVersion: GnuPG v1.4.9 (GNU/Linux)\n\niEYEABECAAYFAkwI8fUACgkQ2GHHh+onEEgWLgCfeMBdtjn0dZZ0ZiB5sC5q7X0N\n0XQAoJPTNmDsEaCtDVOtLDM4racfwq9n\n=uani\n-----END PGP SIGNATURE-----\n'),
(14, 'gpg-D861C787EA271048', '-----BEGIN PGP SIGNATURE-----\nVersion: GnuPG v1.4.9 (GNU/Linux)\n\niEYEABECAAYFAkwI8fYACgkQ2GHHh+onEEhZyACfevkWVNkZD8CooiLlmPzZ+R/N\nvwwAoJGDRIFA2noypL4yfK7R+PjVkJhh\n=xSYR\n-----END PGP SIGNATURE-----\n'),
(15, 'gpg-D861C787EA271048', '-----BEGIN PGP SIGNATURE-----\nVersion: GnuPG v1.4.9 (GNU/Linux)\n\niEYEABECAAYFAkwI8fYACgkQ2GHHh+onEEgeUwCeKEX7rxzgrywortKjM0NiX4nk\nQxoAniuXvqOnsdAN7uSlDQAPELmMMZ8h\n=2r4T\n-----END PGP SIGNATURE-----\n'),
(16, 'gpg-D861C787EA271048', '-----BEGIN PGP SIGNATURE-----\nVersion: GnuPG v1.4.9 (GNU/Linux)\n\niEYEABECAAYFAkwI8fcACgkQ2GHHh+onEEi0RwCfSTWBDBWD6XP3oJjfpOweu33v\nCmEAn2LuH5PfS10G2sPT1sdNCG5mmzKr\n=tyAB\n-----END PGP SIGNATURE-----\n'),
(17, 'gpg-D861C787EA271048', '-----BEGIN PGP SIGNATURE-----\nVersion: GnuPG v1.4.9 (GNU/Linux)\n\niEYEABECAAYFAkwI8fcACgkQ2GHHh+onEEgCHgCgjwpHwDKWwA7BG7I0Ww1XHjNL\nwswAoJawyGQzBNDK8XLwQ1pvlH2+CQ+X\n=I+wA\n-----END PGP SIGNATURE-----\n'),
(18, 'gpg-D861C787EA271048', '-----BEGIN PGP SIGNATURE-----\nVersion: GnuPG v1.4.9 (GNU/Linux)\n\niEYEABECAAYFAkwI8fcACgkQ2GHHh+onEEgLWwCfZcpWbi5+EoI4siwKSstqK7Vu\nYlQAnjcWTuv7EfsAyamnAiDFf7eEE2WB\n=cCdt\n-----END PGP SIGNATURE-----\n'),
(19, 'gpg-D861C787EA271048', '-----BEGIN PGP SIGNATURE-----\nVersion: GnuPG v1.4.9 (GNU/Linux)\n\niEYEABECAAYFAkwI8fkACgkQ2GHHh+onEEhe4gCfQZaWW8Wqu+koG40McBuMfBgF\nB8sAoIH6TDTy3BIo7OmcMKRKWgrtJTIX\n=X+tC\n-----END PGP SIGNATURE-----\n'),
(20, 'gpg-D861C787EA271048', '-----BEGIN PGP SIGNATURE-----\nVersion: GnuPG v1.4.9 (GNU/Linux)\n\niEYEABECAAYFAkwI8fkACgkQ2GHHh+onEEjfmACfVEq21otoHEK4GWKdl4nb/7cb\nt/8AnAyAGqV2T0fjY1huDyZQXFGLJGWc\n=1pz3\n-----END PGP SIGNATURE-----\n'),
(21, 'gpg-D861C787EA271048', '-----BEGIN PGP SIGNATURE-----\nVersion: GnuPG v1.4.9 (GNU/Linux)\n\niEYEABECAAYFAkwI8foACgkQ2GHHh+onEEixEgCdFRQBuQpTj4sSH1VHDSQ4otmx\nNDwAoJl1xEf76AXzvRS5O02risEK4E2b\n=ItAw\n-----END PGP SIGNATURE-----\n'),
(22, 'gpg-D861C787EA271048', '-----BEGIN PGP SIGNATURE-----\nVersion: GnuPG v1.4.9 (GNU/Linux)\n\niEYEABECAAYFAkwI8foACgkQ2GHHh+onEEgw8wCeJzTCfzIeI+p+X/uwy8ywKQeE\nkboAoKFWkifAdYxyuoBb+aGkeupTXpyv\n=CzxI\n-----END PGP SIGNATURE-----\n'),
(23, 'gpg-D861C787EA271048', '-----BEGIN PGP SIGNATURE-----\nVersion: GnuPG v1.4.9 (GNU/Linux)\n\niEYEABECAAYFAkwI8foACgkQ2GHHh+onEEhGZACfYgeyL1+Fblzg5oZan8mcjhgo\no7gAmwQeJBZNa8cTawTAvaDV2b++5jm5\n=EVO5\n-----END PGP SIGNATURE-----\n'),
(24, 'gpg-D861C787EA271048', '-----BEGIN PGP SIGNATURE-----\nVersion: GnuPG v1.4.9 (GNU/Linux)\n\niEYEABECAAYFAkwI8fsACgkQ2GHHh+onEEgzVgCcDG/csIB+ZQUpQwVGYfyXUl9Q\npgsAoJKEc8mDL8Zp7sehz1FuSYaIdOAs\n=CTlF\n-----END PGP SIGNATURE-----\n'),
(25, 'gpg-D861C787EA271048', '-----BEGIN PGP SIGNATURE-----\nVersion: GnuPG v1.4.9 (GNU/Linux)\n\niEYEABECAAYFAkwI8fsACgkQ2GHHh+onEEgUmgCfWNZc5Ac+92HkVR0OGeQlodXA\nJMIAn1WM5pzZ4k6jUpOfwOQ6VHARDjSb\n=cYML\n-----END PGP SIGNATURE-----\n'),
(26, 'gpg-D861C787EA271048', '-----BEGIN PGP SIGNATURE-----\nVersion: GnuPG v1.4.9 (GNU/Linux)\n\niEYEABECAAYFAkwI8fsACgkQ2GHHh+onEEg46ACgjnY1ZqTxgJw4fEOsTfvFqf60\nhX0AoIl606wXLMKEhZjPfdJBZBKERJdL\n=VMG/\n-----END PGP SIGNATURE-----\n'),
(27, 'gpg-D861C787EA271048', '-----BEGIN PGP SIGNATURE-----\nVersion: GnuPG v1.4.9 (GNU/Linux)\n\niEYEABECAAYFAkwI8fwACgkQ2GHHh+onEEgXLACgkbaIX04gkaX8XEmjap6pgVkI\nhw8Anj8bXv0KTYUJtcFJYjuR/3spiuYt\n=WmVK\n-----END PGP SIGNATURE-----\n'),
(28, 'gpg-D861C787EA271048', '-----BEGIN PGP SIGNATURE-----\nVersion: GnuPG v1.4.9 (GNU/Linux)\n\niEYEABECAAYFAkwI8fwACgkQ2GHHh+onEEjfhQCghiTA4KtbsYy+5BbP/wDnIaS7\nw28An2XQ2dB3/l/X+FYWiW4X5h972ZFe\n=3esF\n-----END PGP SIGNATURE-----\n'),
(29, 'gpg-D861C787EA271048', '-----BEGIN PGP SIGNATURE-----\nVersion: GnuPG v1.4.9 (GNU/Linux)\n\niEYEABECAAYFAkwI8f0ACgkQ2GHHh+onEEhoPwCfcPhrPaiMLDlzRAObpTWAyFlz\nkmsAoLAdTAHZa0p9HheODGf0Rd+/eR44\n=cwMz\n-----END PGP SIGNATURE-----\n'),
(30, 'gpg-D861C787EA271048', '-----BEGIN PGP SIGNATURE-----\nVersion: GnuPG v1.4.9 (GNU/Linux)\n\niEYEABECAAYFAkwI8f0ACgkQ2GHHh+onEEggBQCgkOt1ed9Hz0JWlSvvErd06++d\n1qMAn2G5DTJBy56v0vdZq21vj6DgrhSX\n=pQuU\n-----END PGP SIGNATURE-----\n'),
(31, 'gpg-D861C787EA271048', '-----BEGIN PGP SIGNATURE-----\nVersion: GnuPG v1.4.9 (GNU/Linux)\n\niEYEABECAAYFAkwI8f0ACgkQ2GHHh+onEEiujACdHoVRkRRd/KbR3g+69lJqVeyz\ndnQAn2aHweVrTWbIuM53KQN4X2xzu3PM\n=ytuz\n-----END PGP SIGNATURE-----\n'),
(32, 'gpg-D861C787EA271048', '-----BEGIN PGP SIGNATURE-----\nVersion: GnuPG v1.4.9 (GNU/Linux)\n\niEYEABECAAYFAkwI8f4ACgkQ2GHHh+onEEgW8QCfeZNeHl//djF6m2PHo29BJflC\n90MAoLJMRZ8rTjlIpZI9Re3evuGpHnnO\n=JFob\n-----END PGP SIGNATURE-----\n'),
(33, 'gpg-D861C787EA271048', '-----BEGIN PGP SIGNATURE-----\nVersion: GnuPG v1.4.9 (GNU/Linux)\n\niEYEABECAAYFAkwI8f4ACgkQ2GHHh+onEEhE6gCdF0OQF3JZvOm0OdYRDB4CfJWl\nXdYAniu/C3g75qKsvZCkY97kB12j20Iq\n=mO7z\n-----END PGP SIGNATURE-----\n'),
(34, 'gpg-D861C787EA271048', '-----BEGIN PGP SIGNATURE-----\nVersion: GnuPG v1.4.9 (GNU/Linux)\n\niEYEABECAAYFAkwI8f4ACgkQ2GHHh+onEEiD+ACfaDLs0Qz2QPh5amhbNGSseA6c\n+xkAnRn5YymQK9u/8lXtYTFYUibdXBMW\n=Z/6x\n-----END PGP SIGNATURE-----\n'),
(35, 'gpg-D861C787EA271048', '-----BEGIN PGP SIGNATURE-----\nVersion: GnuPG v1.4.9 (GNU/Linux)\n\niEYEABECAAYFAkwI8f8ACgkQ2GHHh+onEEjNXACgpPg1S7l5i+OVr2ph9V8pG/Kz\nU00AnAz0Zvhaekg5nBTFX/79Bq6VVNQv\n=09qQ\n-----END PGP SIGNATURE-----\n'),
(36, 'gpg-D861C787EA271048', '-----BEGIN PGP SIGNATURE-----\nVersion: GnuPG v1.4.9 (GNU/Linux)\n\niEYEABECAAYFAkwI8gEACgkQ2GHHh+onEEjc9gCdEAIx6u1LkPM6lSrK05PFAsgH\ndj0AnjyJY8Qgh6ENuoqcXq9iVSBGT+Ew\n=BHlh\n-----END PGP SIGNATURE-----\n'),
(37, 'gpg-D861C787EA271048', '-----BEGIN PGP SIGNATURE-----\nVersion: GnuPG v1.4.9 (GNU/Linux)\n\niEYEABECAAYFAkwI8ggACgkQ2GHHh+onEEj5KgCcC+BHwBNz+AGZihzxazWDnoKi\nBNwAmwViPOuY9DhmTPOxxAsRsVbcv+Df\n=i0pN\n-----END PGP SIGNATURE-----\n'),
(38, 'gpg-D861C787EA271048', '-----BEGIN PGP SIGNATURE-----\nVersion: GnuPG v1.4.9 (GNU/Linux)\n\niEYEABECAAYFAkwI8goACgkQ2GHHh+onEEgQjgCfXNUMALuXR6s0sB7nKDOSm0X7\nvJUAnAuVRLu2IL/GL1w+urWjrD1Zll1+\n=Wwly\n-----END PGP SIGNATURE-----\n'),
(39, 'gpg-D861C787EA271048', '-----BEGIN PGP SIGNATURE-----\nVersion: GnuPG v1.4.9 (GNU/Linux)\n\niEYEABECAAYFAkwI8gsACgkQ2GHHh+onEEjyTACffqOr4MIHfGfT2Nt2/BlP4yCj\nF7AAni0JsmgO8SL6zjUwIT0m34jriWwJ\n=NqKN\n-----END PGP SIGNATURE-----\n'),
(40, 'gpg-D861C787EA271048', '-----BEGIN PGP SIGNATURE-----\nVersion: GnuPG v1.4.9 (GNU/Linux)\n\niEYEABECAAYFAkwI8g4ACgkQ2GHHh+onEEj4aQCfcLWSg8jEx+99C4lQ3bSjzNfJ\nlb0AoKEBy4h7//mElEihZv/PFU/rblRr\n=0sjQ\n-----END PGP SIGNATURE-----\n'),
(41, 'gpg-D861C787EA271048', '-----BEGIN PGP SIGNATURE-----\nVersion: GnuPG v1.4.9 (GNU/Linux)\n\niEYEABECAAYFAkwI8hAACgkQ2GHHh+onEEjOxgCfQpH7yLjzeo1zHaWKDNL2d9LA\nr84AoJA1VRhZr6Y0xk1R0nQvBlEgxtDQ\n=sstA\n-----END PGP SIGNATURE-----\n'),
(42, 'gpg-D861C787EA271048', '-----BEGIN PGP SIGNATURE-----\nVersion: GnuPG v1.4.9 (GNU/Linux)\n\niEYEABECAAYFAkwI8hEACgkQ2GHHh+onEEiMZQCffz6s7u/9M24kzgJBTxUMUiXW\nHNoAn2z4TafhtprQaEJtGgQiQD7Hh0+Y\n=co/V\n-----END PGP SIGNATURE-----\n'),
(43, 'gpg-D861C787EA271048', '-----BEGIN PGP SIGNATURE-----\nVersion: GnuPG v1.4.9 (GNU/Linux)\n\niEYEABECAAYFAkwI8hMACgkQ2GHHh+onEEiHpwCeO95C8233TALaqa2UzQuarWnS\njf0AnjFGWcEYJPvKCA6XFMRU+s+di3QZ\n=UcNx\n-----END PGP SIGNATURE-----\n'),
(44, 'gpg-D861C787EA271048', '-----BEGIN PGP SIGNATURE-----\nVersion: GnuPG v1.4.9 (GNU/Linux)\n\niEYEABECAAYFAkwI8hMACgkQ2GHHh+onEEgCWQCeJ4jkue66pTrlwjcYnIPmIy/q\n7v4AoIHTVGEsjZZCZ/XZEiW4glmmOcu1\n=LdUG\n-----END PGP SIGNATURE-----\n'),
(45, 'gpg-D861C787EA271048', '-----BEGIN PGP SIGNATURE-----\nVersion: GnuPG v1.4.9 (GNU/Linux)\n\niEYEABECAAYFAkwI8hUACgkQ2GHHh+onEEjh/wCgjerowelK9cmxcbAQ1FFD82oM\n6VUAoJnxRUVSop0ZHErWSc98izM9vthm\n=iKmA\n-----END PGP SIGNATURE-----\n'),
(46, 'gpg-D861C787EA271048', '-----BEGIN PGP SIGNATURE-----\nVersion: GnuPG v1.4.9 (GNU/Linux)\n\niEYEABECAAYFAkwI8hoACgkQ2GHHh+onEEixRwCfT9TwUuYgMFKFYs0ZRah2FF7V\nolYAnA2KEOuLfX8Ji7hJqjH23SegtUkN\n=8cNj\n-----END PGP SIGNATURE-----\n'),
(47, 'gpg-D861C787EA271048', '-----BEGIN PGP SIGNATURE-----\nVersion: GnuPG v1.4.9 (GNU/Linux)\n\niEYEABECAAYFAkwI8hwACgkQ2GHHh+onEEjJUwCcD3jjn51y+5umVPYjrzwWXqQF\nQa0AoJbv95pocWQoa0tJY80IzN2dP94G\n=yENL\n-----END PGP SIGNATURE-----\n'),
(48, 'gpg-D861C787EA271048', '-----BEGIN PGP SIGNATURE-----\nVersion: GnuPG v1.4.9 (GNU/Linux)\n\niEYEABECAAYFAkwI8iAACgkQ2GHHh+onEEj4HACdEdaRrreZL/G4SFlQASwrazTD\nAXQAnjbJv0aQHFefZ6KyG8fqVl7YdbZw\n=p3Yc\n-----END PGP SIGNATURE-----\n'),
(49, 'gpg-D861C787EA271048', '-----BEGIN PGP SIGNATURE-----\nVersion: GnuPG v1.4.9 (GNU/Linux)\n\niEYEABECAAYFAkwI8iAACgkQ2GHHh+onEEiOZQCbBug66wv059X9Cu4K7iflWM93\n8uAAnRiXnDLfhKgRL4642spkTF/qlXkH\n=kw/M\n-----END PGP SIGNATURE-----\n'),
(50, 'gpg-D861C787EA271048', '-----BEGIN PGP SIGNATURE-----\nVersion: GnuPG v1.4.9 (GNU/Linux)\n\niEYEABECAAYFAkwI8iEACgkQ2GHHh+onEEgMigCfd4Xs1YObAs+g04+iv7jlK7wn\n7YgAoJFud6/TvN3JtU2+DSMUSACB9IsL\n=++hX\n-----END PGP SIGNATURE-----\n'),
(51, 'gpg-D861C787EA271048', '-----BEGIN PGP SIGNATURE-----\nVersion: GnuPG v1.4.9 (GNU/Linux)\n\niEYEABECAAYFAkwI8i4ACgkQ2GHHh+onEEiuTQCfc1MhCZ75LdAbzkVOSGcQZawL\nd3sAn0NoTg+yIWgc/SgC/34DBDGt0m4b\n=/qeJ\n-----END PGP SIGNATURE-----\n'),
(52, 'gpg-D861C787EA271048', '-----BEGIN PGP SIGNATURE-----\nVersion: GnuPG v1.4.9 (GNU/Linux)\n\niEYEABECAAYFAkwI8jYACgkQ2GHHh+onEEj/uQCgs8zp/9K0cTRKTAeU6/RiZHor\nxGQAn3V7VbYkEJ8Hc+2HIG3d2uiXFf4B\n=Gvak\n-----END PGP SIGNATURE-----\n'),
(53, 'gpg-D861C787EA271048', '-----BEGIN PGP SIGNATURE-----\nVersion: GnuPG v1.4.9 (GNU/Linux)\n\niEYEABECAAYFAkwI8jkACgkQ2GHHh+onEEjf/QCdEDTQRLFZUYSuZBctBBYtG1FY\nxNcAoJPy42j6QwxmpnC06xxfilUuMW+9\n=A5DP\n-----END PGP SIGNATURE-----\n'),
(54, 'gpg-D861C787EA271048', '-----BEGIN PGP SIGNATURE-----\nVersion: GnuPG v1.4.9 (GNU/Linux)\n\niEYEABECAAYFAkwI8j0ACgkQ2GHHh+onEEjnhwCgm2RH+2ZD9XDEfDwWUtoWMZ/V\nBSkAniCoQHU0bMZrFESwlI/Gc4JCptkd\n=fCiZ\n-----END PGP SIGNATURE-----\n'),
(55, 'gpg-D861C787EA271048', '-----BEGIN PGP SIGNATURE-----\nVersion: GnuPG v1.4.9 (GNU/Linux)\n\niEYEABECAAYFAkwI8j4ACgkQ2GHHh+onEEgTOwCfd0SgnSPtxN2Rmb9qEzlvw3O/\nY0IAnR7uDd6YGog/fT8+XjVqhTEy99Vg\n=9fdY\n-----END PGP SIGNATURE-----\n'),
(56, 'gpg-D861C787EA271048', '-----BEGIN PGP SIGNATURE-----\nVersion: GnuPG v1.4.9 (GNU/Linux)\n\niEYEABECAAYFAkwI8kEACgkQ2GHHh+onEEjYEwCfWqMRGRITBVXouA7pOmJaaK8H\nRGgAoI81NaIn5N0gJ3i3o2ySB0s9Ob2J\n=joPj\n-----END PGP SIGNATURE-----\n'),
(57, 'gpg-D861C787EA271048', '-----BEGIN PGP SIGNATURE-----\nVersion: GnuPG v1.4.9 (GNU/Linux)\n\niEYEABECAAYFAkwI8kIACgkQ2GHHh+onEEhdTACdFBbzWDNlMFzepaOOqIkJoH6E\nlv4AnRIx+yxEPbgoOg5rvThAwVONISU+\n=Heip\n-----END PGP SIGNATURE-----\n'),
(58, 'gpg-D861C787EA271048', '-----BEGIN PGP SIGNATURE-----\nVersion: GnuPG v1.4.9 (GNU/Linux)\n\niEYEABECAAYFAkwI8kgACgkQ2GHHh+onEEhEqwCgsWv/tkzGZLHLHp9PMOxdVj9I\n0JkAoIe8KPkqMGKgnq2jXittEMOIcbX2\n=ib69\n-----END PGP SIGNATURE-----\n'),
(59, 'gpg-D861C787EA271048', '-----BEGIN PGP SIGNATURE-----\nVersion: GnuPG v1.4.9 (GNU/Linux)\n\niEYEABECAAYFAkwI8k4ACgkQ2GHHh+onEEireACfXpIk86tOSPGYogQLs3ENDt4o\n/wcAn28tnP5PbXGMJz2Ccv1nAMF6HHZz\n=5drv\n-----END PGP SIGNATURE-----\n'),
(60, 'gpg-D861C787EA271048', '-----BEGIN PGP SIGNATURE-----\nVersion: GnuPG v1.4.9 (GNU/Linux)\n\niEYEABECAAYFAkwI8lUACgkQ2GHHh+onEEg+8gCeJN9SfGFtWH5cJJKdeBRxklmb\nL1EAoLElC8xAsUXiRwKwMnQLXxG1tDxw\n=eslZ\n-----END PGP SIGNATURE-----\n'),
(61, 'gpg-D861C787EA271048', '-----BEGIN PGP SIGNATURE-----\nVersion: GnuPG v1.4.9 (GNU/Linux)\n\niEYEABECAAYFAkwI8lgACgkQ2GHHh+onEEhQHwCfSdnsrdGv7wbLtyaAWevibEJY\njYEAoIumP/g3Sk2UoWJbiRau/P6OCs2G\n=j37W\n-----END PGP SIGNATURE-----\n'),
(62, 'gpg-D861C787EA271048', '-----BEGIN PGP SIGNATURE-----\nVersion: GnuPG v1.4.9 (GNU/Linux)\n\niEYEABECAAYFAkwI8loACgkQ2GHHh+onEEgOlACeNZ+9pN4hz8N/pEUO+4DpuHwD\nKjcAoIoL3fc9oB9Y9br3i06/8whR44SY\n=X33O\n-----END PGP SIGNATURE-----\n'),
(63, 'gpg-D861C787EA271048', '-----BEGIN PGP SIGNATURE-----\nVersion: GnuPG v1.4.9 (GNU/Linux)\n\niEYEABECAAYFAkwI8l4ACgkQ2GHHh+onEEjurACcCgxam80cEHd4FEuwKt1cDuSg\n4x0AnjQNaRK6mFt38vLCOIErbLA94Wu8\n=7exO\n-----END PGP SIGNATURE-----\n'),
(64, 'gpg-D861C787EA271048', '-----BEGIN PGP SIGNATURE-----\nVersion: GnuPG v1.4.9 (GNU/Linux)\n\niEYEABECAAYFAkwI8mMACgkQ2GHHh+onEEgrZACeIgTvUp+mN0VPpdgjc4fFOQ8e\nkeIAoLPP3ZMLnXMnw0CzQmPy2E+XM6JM\n=lkxA\n-----END PGP SIGNATURE-----\n'),
(65, 'gpg-D861C787EA271048', '-----BEGIN PGP SIGNATURE-----\nVersion: GnuPG v1.4.9 (GNU/Linux)\n\niEYEABECAAYFAkwI8mcACgkQ2GHHh+onEEivBACfd3xHk6ziS30kOG4CtiyvzkZM\n1ZAAn1n0mbwQt5JHsZkim18bq6i9szkx\n=E7gK\n-----END PGP SIGNATURE-----\n'),
(66, 'gpg-D861C787EA271048', '-----BEGIN PGP SIGNATURE-----\nVersion: GnuPG v1.4.9 (GNU/Linux)\n\niEYEABECAAYFAkwI8n8ACgkQ2GHHh+onEEhQYQCeNy+YnlPTlFe4DxFJqs1cXoWt\ngpUAoLBHgCT+W73zibSTPhIYsPAiyY8g\n=Puwh\n-----END PGP SIGNATURE-----\n'),
(67, 'gpg-D861C787EA271048', '-----BEGIN PGP SIGNATURE-----\nVersion: GnuPG v1.4.9 (GNU/Linux)\n\niEYEABECAAYFAkwI8oYACgkQ2GHHh+onEEhnegCgrtAkErnSNI6nDgC0ftsiE9Yw\nVdkAoKVFf8N4YY0dZfvB19Uqv0THdxlM\n=eXBR\n-----END PGP SIGNATURE-----\n'),
(68, 'gpg-D861C787EA271048', '-----BEGIN PGP SIGNATURE-----\nVersion: GnuPG v1.4.9 (GNU/Linux)\n\niEYEABECAAYFAkwI8okACgkQ2GHHh+onEEjvrgCfR+vEp79PW8ThRjG5+/A0TFPi\nHekAn2hZirABJwFnL5VKLSw5J5HDKLZN\n=OA4f\n-----END PGP SIGNATURE-----\n'),
(69, 'gpg-D861C787EA271048', '-----BEGIN PGP SIGNATURE-----\nVersion: GnuPG v1.4.9 (GNU/Linux)\n\niEYEABECAAYFAkwI8ooACgkQ2GHHh+onEEg4HQCeI5IKwwVAkPppdBddy0MtHiT9\nP9YAnRsE7qQUFRpZmkCBeLMfD44qA5xX\n=u1zp\n-----END PGP SIGNATURE-----\n'),
(70, 'gpg-D861C787EA271048', '-----BEGIN PGP SIGNATURE-----\nVersion: GnuPG v1.4.9 (GNU/Linux)\n\niEYEABECAAYFAkwI8qAACgkQ2GHHh+onEEiLSwCbBEez5JfOHkviOhb1yufiG3v+\nEjkAoImin0+b68SY1E+FLYJWB34Y1yPk\n=jves\n-----END PGP SIGNATURE-----\n'),
(71, 'gpg-D861C787EA271048', '-----BEGIN PGP SIGNATURE-----\nVersion: GnuPG v1.4.9 (GNU/Linux)\n\niEYEABECAAYFAkwI8qIACgkQ2GHHh+onEEgKowCeO6iG5NBaDfY5EDA47htxI0K+\n+A8AoKhUnncA8daXteX9T35NRP41q6MQ\n=b9Ok\n-----END PGP SIGNATURE-----\n'),
(72, 'gpg-D861C787EA271048', '-----BEGIN PGP SIGNATURE-----\nVersion: GnuPG v1.4.9 (GNU/Linux)\n\niEYEABECAAYFAkwI8qQACgkQ2GHHh+onEEhIOQCfX5Flp0SqKX1OuxJRL0nXOZOt\nx+IAn2x5Jq7dScXXzqCnQBU1EY/Lr6L5\n=xJfd\n-----END PGP SIGNATURE-----\n'),
(73, 'gpg-D861C787EA271048', '-----BEGIN PGP SIGNATURE-----\nVersion: GnuPG v1.4.9 (GNU/Linux)\n\niEYEABECAAYFAkwI8qsACgkQ2GHHh+onEEigTQCfUEUU8FqH5UyqmCoCFp4hcGsn\noccAnRmfVXuArR1vjEsPlYOY9NvhVx+b\n=iIt9\n-----END PGP SIGNATURE-----\n'),
(74, 'gpg-D861C787EA271048', '-----BEGIN PGP SIGNATURE-----\nVersion: GnuPG v1.4.9 (GNU/Linux)\n\niEYEABECAAYFAkwI8rgACgkQ2GHHh+onEEjgowCgkK4pbGEk/M8mfZY6qEBRTiTU\nYZcAoKQLwiMUXDdq8Qi7o/UJtTTwE+E7\n=a7u9\n-----END PGP SIGNATURE-----\n'),
(75, 'gpg-D861C787EA271048', '-----BEGIN PGP SIGNATURE-----\nVersion: GnuPG v1.4.9 (GNU/Linux)\n\niEYEABECAAYFAkwI8sAACgkQ2GHHh+onEEh0gQCghD8axHkq9wTXP7Xf8aBPMrwD\nhF0AnjLSpYwRR5p4Tme8ljejXMUW9f+J\n=vl6V\n-----END PGP SIGNATURE-----\n'),
(76, 'gpg-D861C787EA271048', '-----BEGIN PGP SIGNATURE-----\nVersion: GnuPG v1.4.9 (GNU/Linux)\n\niEYEABECAAYFAkwI8sEACgkQ2GHHh+onEEiuOgCfeVKe/sVqCWgVOCLKp9k6hQbf\nAPAAoK5DiL3FhEHlOPDuHI5bkQsGo2hn\n=O1CO\n-----END PGP SIGNATURE-----\n'),
(77, 'gpg-D861C787EA271048', '-----BEGIN PGP SIGNATURE-----\nVersion: GnuPG v1.4.9 (GNU/Linux)\n\niEYEABECAAYFAkwI8scACgkQ2GHHh+onEEihkwCgg3K87T0By7ZcQ8BudX1eOCca\nBa4AniAPXrhyoziLiPF28E8cjbBOfRsy\n=tKI5\n-----END PGP SIGNATURE-----\n'),
(78, 'gpg-D861C787EA271048', '-----BEGIN PGP SIGNATURE-----\nVersion: GnuPG v1.4.9 (GNU/Linux)\n\niEYEABECAAYFAkwI8skACgkQ2GHHh+onEEi9LACdEMAtIyVBod0ylK3FtwSgsnYf\ncC8An1vIdBdLP3Pl8I2NRNh5WZMcfN/7\n=PRIn\n-----END PGP SIGNATURE-----\n'),
(79, 'gpg-D861C787EA271048', '-----BEGIN PGP SIGNATURE-----\nVersion: GnuPG v1.4.9 (GNU/Linux)\n\niEYEABECAAYFAkwI8tAACgkQ2GHHh+onEEhpEgCeL4wMY5r4WjLoeiq735pJ5F9l\n82IAn1m089lWFVk26+ox1S15LMjz+BHD\n=ChJl\n-----END PGP SIGNATURE-----\n'),
(80, 'gpg-D861C787EA271048', '-----BEGIN PGP SIGNATURE-----\nVersion: GnuPG v1.4.9 (GNU/Linux)\n\niEYEABECAAYFAkwI8tAACgkQ2GHHh+onEEi9UgCdFI1kJ3UnWpEl0AEyHP1rhcbh\nUOcAnRw49019YiROxbuEsxGCxLLFIIPm\n=Szek\n-----END PGP SIGNATURE-----\n'),
(81, 'gpg-D861C787EA271048', '-----BEGIN PGP SIGNATURE-----\nVersion: GnuPG v1.4.9 (GNU/Linux)\n\niEYEABECAAYFAkwI8tEACgkQ2GHHh+onEEiuBQCgtEN3Vay15Q3cEeRBwXKKhKz7\nzX4An14Mu8g+rYtv2M/sL6LOPACdYB7s\n=8iAD\n-----END PGP SIGNATURE-----\n'),
(82, 'gpg-D861C787EA271048', '-----BEGIN PGP SIGNATURE-----\nVersion: GnuPG v1.4.9 (GNU/Linux)\n\niEYEABECAAYFAkwI8tIACgkQ2GHHh+onEEgAZgCfUyJmDm4zybIIP9b/S/g31HF4\nf+AAnRQAuBahy0OFIqquAN5DttGXLBOr\n=pv0J\n-----END PGP SIGNATURE-----\n'),
(83, 'gpg-D861C787EA271048', '-----BEGIN PGP SIGNATURE-----\nVersion: GnuPG v1.4.9 (GNU/Linux)\n\niEYEABECAAYFAkwI8tMACgkQ2GHHh+onEEh48QCfYH6Gfh919Y6CvBO+gRJIyIkN\nRBIAnjynpUadDU5ZE+Gi3pV6G+Q6jmO7\n=+ZOm\n-----END PGP SIGNATURE-----\n'),
(84, 'gpg-D861C787EA271048', '-----BEGIN PGP SIGNATURE-----\nVersion: GnuPG v1.4.9 (GNU/Linux)\n\niEYEABECAAYFAkwI8tUACgkQ2GHHh+onEEi8iwCfZxbCWjySlPPC3Hah9BzayxCH\n7GYAn2NNTh7j9XVYaZPS09qjTLLcDDhy\n=bwnI\n-----END PGP SIGNATURE-----\n'),
(85, 'gpg-D861C787EA271048', '-----BEGIN PGP SIGNATURE-----\nVersion: GnuPG v1.4.9 (GNU/Linux)\n\niEYEABECAAYFAkwI8vUACgkQ2GHHh+onEEhBMQCfVvgfk5PFx2E/UKP2RW44nHXc\nxqYAnRq12gTUdQNYNzX7ZWu++d19POOH\n=p1L9\n-----END PGP SIGNATURE-----\n'),
(86, 'gpg-D861C787EA271048', '-----BEGIN PGP SIGNATURE-----\nVersion: GnuPG v1.4.9 (GNU/Linux)\n\niEYEABECAAYFAkwI8xkACgkQ2GHHh+onEEjimACfWNtpRyhk3gbMPGASOxqxoR9f\n7BwAoI++tIwOPv2jtUi/5/woTrWG9NUC\n=LBD4\n-----END PGP SIGNATURE-----\n'),
(87, 'gpg-D861C787EA271048', '-----BEGIN PGP SIGNATURE-----\nVersion: GnuPG v1.4.9 (GNU/Linux)\n\niEYEABECAAYFAkwI8xkACgkQ2GHHh+onEEj3qgCcC3XGKEbe6lzPvRfJG1fxzFDl\n+s0AnjT8Pjul2cTEAlrPnx32/9JSpfUR\n=m6UC\n-----END PGP SIGNATURE-----\n'),
(88, 'gpg-D861C787EA271048', '-----BEGIN PGP SIGNATURE-----\nVersion: GnuPG v1.4.9 (GNU/Linux)\n\niEYEABECAAYFAkwI8xoACgkQ2GHHh+onEEjgSgCeJBRwIimSb+uK81Nv1K+6EusV\nhGAAnRPzFUo3gbwEY1ACRuDJUTKU8jwp\n=4Dvt\n-----END PGP SIGNATURE-----\n'),
(89, 'gpg-D861C787EA271048', '-----BEGIN PGP SIGNATURE-----\nVersion: GnuPG v1.4.9 (GNU/Linux)\n\niEYEABECAAYFAkwI8xsACgkQ2GHHh+onEEghbgCdHoyLs/173A2/Q6W8N2o1q3bJ\nD38AoJuriqWdW0tfqCy7+xJan24Osknn\n=SkKz\n-----END PGP SIGNATURE-----\n'),
(90, 'gpg-D861C787EA271048', '-----BEGIN PGP SIGNATURE-----\nVersion: GnuPG v1.4.9 (GNU/Linux)\n\niEYEABECAAYFAkwI8x0ACgkQ2GHHh+onEEjQOgCgoofWXBysyc4jNTiEjlVkFMWq\noSEAni48HDeFo/mN8QL/zTWar4a9H+W5\n=3+cw\n-----END PGP SIGNATURE-----\n'),
(91, 'gpg-D861C787EA271048', '-----BEGIN PGP SIGNATURE-----\nVersion: GnuPG v1.4.9 (GNU/Linux)\n\niEYEABECAAYFAkwI8x0ACgkQ2GHHh+onEEhzvwCdHP0wrlA7GeYc0FIpyT7JPL6P\nEsYAoI0wwoP2KaDJSwwhhr8ZoRiX6i+l\n=RHoN\n-----END PGP SIGNATURE-----\n'),
(92, 'gpg-D861C787EA271048', '-----BEGIN PGP SIGNATURE-----\nVersion: GnuPG v1.4.9 (GNU/Linux)\n\niEYEABECAAYFAkwI8yAACgkQ2GHHh+onEEjLpACgmzNN9mVnxR0UIC60ZBiMdP+G\n6P4AnjPfQP2No/NDmhGRkiyCM7FAVNiA\n=zdeJ\n-----END PGP SIGNATURE-----\n'),
(93, 'gpg-D861C787EA271048', '-----BEGIN PGP SIGNATURE-----\nVersion: GnuPG v1.4.9 (GNU/Linux)\n\niEYEABECAAYFAkwI8yMACgkQ2GHHh+onEEh0vACfXTY4bfxaxILSVXfGPpufDyld\ntK8AoJKTPbl08uuje84NUkE141HxxoBn\n=wuC8\n-----END PGP SIGNATURE-----\n'),
(94, 'gpg-D861C787EA271048', '-----BEGIN PGP SIGNATURE-----\nVersion: GnuPG v1.4.9 (GNU/Linux)\n\niEYEABECAAYFAkwI8yUACgkQ2GHHh+onEEijtgCeKJoGtC+jfJ+dBKB+etKXUTAT\nLMQAnixZkC7hJ6o6NCvd1X5RPVEO7nzC\n=3nEF\n-----END PGP SIGNATURE-----\n'),
(95, 'gpg-D861C787EA271048', '-----BEGIN PGP SIGNATURE-----\nVersion: GnuPG v1.4.9 (GNU/Linux)\n\niEYEABECAAYFAkwI8yYACgkQ2GHHh+onEEj89QCeJBvaOTcLkas24dkElpYS/SGz\nAJoAn23kahq+ANPAYbXNWwJKDo+ueBcV\n=rlRR\n-----END PGP SIGNATURE-----\n'),
(96, 'gpg-D861C787EA271048', '-----BEGIN PGP SIGNATURE-----\nVersion: GnuPG v1.4.9 (GNU/Linux)\n\niEYEABECAAYFAkwI8ykACgkQ2GHHh+onEEgnoACfcHDYzFalfq6bnQ29KJYALymD\nvGUAoIUm1qOUhrel9g4SpSEwawKxUlbq\n=t92p\n-----END PGP SIGNATURE-----\n'),
(97, 'gpg-D861C787EA271048', '-----BEGIN PGP SIGNATURE-----\nVersion: GnuPG v1.4.9 (GNU/Linux)\n\niEYEABECAAYFAkwI8yoACgkQ2GHHh+onEEgWHgCfXSEstdoA7/1yPzyZeyxqE++j\nDeoAn1hgbzIG8eBBrMrC0RQluXiQWLtj\n=YOY4\n-----END PGP SIGNATURE-----\n'),
(98, 'gpg-D861C787EA271048', '-----BEGIN PGP SIGNATURE-----\nVersion: GnuPG v1.4.9 (GNU/Linux)\n\niEYEABECAAYFAkwI8ysACgkQ2GHHh+onEEiygwCeKAowmk/R+DZiTH+oAeNP/0Ri\ni40AoJi76tdFt52OJAN6L4L+qe4GswJp\n=WZ07\n-----END PGP SIGNATURE-----\n'),
(99, 'gpg-D861C787EA271048', '-----BEGIN PGP SIGNATURE-----\nVersion: GnuPG v1.4.9 (GNU/Linux)\n\niEYEABECAAYFAkwI8y8ACgkQ2GHHh+onEEhUAQCfQHb2v/kJQaUWEDVeIRMe8+cT\nJPwAnRJIhYTzYtjIPZzQma+0dgu0+9d7\n=/5BY\n-----END PGP SIGNATURE-----\n'),
(100, 'gpg-D861C787EA271048', '-----BEGIN PGP SIGNATURE-----\nVersion: GnuPG v1.4.9 (GNU/Linux)\n\niEYEABECAAYFAkwI8zEACgkQ2GHHh+onEEhq7gCeN20Bs01TQga30bNqLFZMZRqm\nkr0AnA2dHPVhQLrSgYSdKHJep2tTi/+b\n=x9/x\n-----END PGP SIGNATURE-----\n'),
(101, 'gpg-D861C787EA271048', '-----BEGIN PGP SIGNATURE-----\nVersion: GnuPG v1.4.9 (GNU/Linux)\n\niEYEABECAAYFAkwI8zMACgkQ2GHHh+onEEiopwCfUxQBdTcETZDrEtmRlWU9PWNe\nobUAni81HCzKcq0Z7Z1dKAw7p2T1mpLf\n=NUma\n-----END PGP SIGNATURE-----\n'),
(102, 'gpg-D861C787EA271048', '-----BEGIN PGP SIGNATURE-----\nVersion: GnuPG v1.4.9 (GNU/Linux)\n\niEYEABECAAYFAkwI8zoACgkQ2GHHh+onEEiE0QCfcQ0mS7GBh3FAsDWFPMbXG94X\nF6sAn2JdJBclLjwZ15qxuaxQwV2hUxpM\n=mUFR\n-----END PGP SIGNATURE-----\n'),
(103, 'gpg-D861C787EA271048', '-----BEGIN PGP SIGNATURE-----\nVersion: GnuPG v1.4.9 (GNU/Linux)\n\niEYEABECAAYFAkwI8z8ACgkQ2GHHh+onEEigEwCfSJv7TV3Os0m6Vyt7kgaAjue4\n0V4AoKecI8f3X4emz8vChlrgtGgAyv1U\n=hPJi\n-----END PGP SIGNATURE-----\n'),
(104, 'gpg-D861C787EA271048', '-----BEGIN PGP SIGNATURE-----\nVersion: GnuPG v1.4.9 (GNU/Linux)\n\niEYEABECAAYFAkwI80IACgkQ2GHHh+onEEgh6wCfZJ3f29O3tCoHeU1NM4YFf6F3\nndYAoKXDRJ4V3rMcbYmOLee+xsP5oZR1\n=v/mt\n-----END PGP SIGNATURE-----\n'),
(105, 'gpg-D861C787EA271048', '-----BEGIN PGP SIGNATURE-----\nVersion: GnuPG v1.4.9 (GNU/Linux)\n\niEYEABECAAYFAkwI80gACgkQ2GHHh+onEEgAqwCfdRD6u1/Ukc19rT2y9olBW3TC\n2A4An3j9C05sT5NpIFnWOJisTyoilmUQ\n=QnWA\n-----END PGP SIGNATURE-----\n'),
(106, 'gpg-D861C787EA271048', '-----BEGIN PGP SIGNATURE-----\nVersion: GnuPG v1.4.9 (GNU/Linux)\n\niEYEABECAAYFAkwI808ACgkQ2GHHh+onEEiTqACffAbSK/ZYtD1k3l5EYw//7RJh\nPrcAoJIXUHU6AIRxK4Hja2FYDLUxZ4np\n=Nqdc\n-----END PGP SIGNATURE-----\n'),
(107, 'gpg-D861C787EA271048', '-----BEGIN PGP SIGNATURE-----\nVersion: GnuPG v1.4.9 (GNU/Linux)\n\niEYEABECAAYFAkwI81AACgkQ2GHHh+onEEgc/QCgqNvYno9qqzRtVgwOiPnOXHfc\nuIEAoKYj4rToYH3FjWpYH9tSCCwAG3yt\n=sDhp\n-----END PGP SIGNATURE-----\n'),
(108, 'gpg-D861C787EA271048', '-----BEGIN PGP SIGNATURE-----\nVersion: GnuPG v1.4.9 (GNU/Linux)\n\niEYEABECAAYFAkwI81AACgkQ2GHHh+onEEgKwQCfWiVgvwzZD9QP9cLTw+5ISsjK\n+EEAn3eRtyC+UZLj762sKXNlnB3Anvce\n=q5cE\n-----END PGP SIGNATURE-----\n'),
(109, 'gpg-D861C787EA271048', '-----BEGIN PGP SIGNATURE-----\nVersion: GnuPG v1.4.9 (GNU/Linux)\n\niEYEABECAAYFAkwI81cACgkQ2GHHh+onEEgaaQCfZ0/5dDZOOKTcf5CgikuebFEO\naMEAnAt+3CxQGM3vbXwcRTlEZtZTaRNx\n=l/Mj\n-----END PGP SIGNATURE-----\n'),
(110, 'gpg-D861C787EA271048', '-----BEGIN PGP SIGNATURE-----\nVersion: GnuPG v1.4.9 (GNU/Linux)\n\niEYEABECAAYFAkwI81sACgkQ2GHHh+onEEglswCfcxIfz4g1lWh8XXtOrNrLudtT\nM8kAnj8eTFo9mdi0aCLQIaHPrSrc/XGb\n=p4L2\n-----END PGP SIGNATURE-----\n'),
(111, 'gpg-D861C787EA271048', '-----BEGIN PGP SIGNATURE-----\nVersion: GnuPG v1.4.9 (GNU/Linux)\n\niEYEABECAAYFAkwI82EACgkQ2GHHh+onEEih6QCfVLjdmMiM3b6lVd2JNhMiyxUD\nQ1kAn34qePBQCynTnWrKc+9CQVXUbfkz\n=zGVr\n-----END PGP SIGNATURE-----\n'),
(112, 'gpg-D861C787EA271048', '-----BEGIN PGP SIGNATURE-----\nVersion: GnuPG v1.4.9 (GNU/Linux)\n\niEYEABECAAYFAkwI82EACgkQ2GHHh+onEEhgMgCfalzda1aFUJBM3ldFf8oWrctO\nQpIAoLRTi8YmQFWmUqCEzHG0O47uaFdM\n=Jy76\n-----END PGP SIGNATURE-----\n'),
(113, 'gpg-D861C787EA271048', '-----BEGIN PGP SIGNATURE-----\nVersion: GnuPG v1.4.9 (GNU/Linux)\n\niEYEABECAAYFAkwI82IACgkQ2GHHh+onEEjFsACfbdjoHrdTuPIH9xnm7QDEiOBP\nY6IAoIbEfpS0J8EHommSl7LtBmfazzLf\n=g+3S\n-----END PGP SIGNATURE-----\n'),
(114, 'gpg-D861C787EA271048', '-----BEGIN PGP SIGNATURE-----\nVersion: GnuPG v1.4.9 (GNU/Linux)\n\niEYEABECAAYFAkwI82IACgkQ2GHHh+onEEhD6QCfezTwF1qAejIAm5XjHlksjUi3\niSUAmQHM9xLIHEP7/ENa49A4Kwxmpsk8\n=NaTA\n-----END PGP SIGNATURE-----\n'),
(115, 'gpg-D861C787EA271048', '-----BEGIN PGP SIGNATURE-----\nVersion: GnuPG v1.4.9 (GNU/Linux)\n\niEYEABECAAYFAkwI82MACgkQ2GHHh+onEEj9IwCgrrPZKFqjK7fhxUq9BrhH4D5n\n/TMAn0b5oD9FxF0TIHfCiw5fYRVq5NYR\n=fpcx\n-----END PGP SIGNATURE-----\n'),
(1, 'md5', 'e137a8bccc89df0fc18802b91cbe16bb'),
(2, 'md5', 'e137a8bccc89df0fc18802b91cbe16bb'),
(3, 'md5', '3759b6cf77edb80c2f86db832dc824d6'),
(4, 'md5', 'bef08c718f754d1c57ec5a1a918eaf7b'),
(5, 'md5', 'a41da895d48d5c3de01ff753f2a3693f'),
(6, 'md5', '291e88a3d830e63a0c798b4cfdd3b007'),
(7, 'md5', '6fe8ac60879082719d8236b55ed8df31'),
(8, 'md5', 'b1aa5c39c22754a32f88dd58c3330389'),
(9, 'md5', '5692e8686545cb65a414d6ffc292e68d'),
(10, 'md5', 'bb9a1faa83ccaa199b88d4e844fa401c'),
(11, 'md5', '510e9d8b9eff4c427158ecce3daf175c'),
(12, 'md5', '4c554e1f2b409ac6479d4394247f4102'),
(13, 'md5', 'ab5701ec3cc48ab9ef9d53c8f47a621e'),
(14, 'md5', 'e2d7556d0d2966cd8e117b8d74971474'),
(15, 'md5', 'a450b790d2384f918d83348e28fc5a63'),
(16, 'md5', '14b2f0ff9ddd97f39d2b913f2a302054'),
(17, 'md5', 'b8df21790c30ccfb0df0e05358acdcda'),
(18, 'md5', '464b82aea8ae794568580bd61181b102'),
(19, 'md5', 'a2167ea4656281669499b1d4c154dd90'),
(20, 'md5', 'a8c3306771fad62184e41aac4fb41cad'),
(21, 'md5', '2eb37784bb9e73c092f64eef3e6f0e22'),
(22, 'md5', '1cb25216606be120252a1a066c78e2e5'),
(23, 'md5', 'a6c38f44ba21ae7d05912c382352e0b6'),
(24, 'md5', '87b13928d9b784f99b4445680cad7136'),
(25, 'md5', '226fde98012856525de2b9fe2e33f8cc'),
(26, 'md5', '333ee5042b28f01e6e84a2294d63f9c9'),
(27, 'md5', '9059af9f622bb1f8a6926e06d10a7a72'),
(28, 'md5', '77d8b2e7e8c39dcf0de85f73dd53b053'),
(29, 'md5', 'c95d6188dfc7f9e5e1bec0878d1c70f1'),
(30, 'md5', '66ce1a4e72890abc31b172cfdb71ee9e'),
(31, 'md5', '2b57e2a0f6755061abdc5c4510b22afa'),
(32, 'md5', '3e3a17c93e80286383e38f8e6dd30ae2'),
(33, 'md5', '6b6803d6832f58412dfb0442eea0fbca'),
(34, 'md5', '3f0b770df23afabf02623163ae9dcba2'),
(35, 'md5', 'ab31ff215c378e00dc73c6fff0243124'),
(36, 'md5', 'fa136ee5a91cd9adc547cc9207b4a454'),
(37, 'md5', 'c2d694d5bc9d5ae33383df73ed1da4e7'),
(38, 'md5', '7abf0855748dc229ac5ff8648cde4ece'),
(39, 'md5', 'cab1b9a2c3e4fb0384a4752286c25627'),
(40, 'md5', 'a69cba6e4990ea5485fa3eaf0cbe07a5'),
(41, 'md5', '3e4d682d91d4c47957aa03fbc1010df9'),
(42, 'md5', 'd1b77a5e4c3580336b82e3380882ca22'),
(43, 'md5', '205f834c931f25da26977fb3d2996ab8'),
(44, 'md5', '29283a5834a49f96d66481eb342f5c44'),
(45, 'md5', 'dc5ddb37a51faa77214f02658d72a7d2'),
(46, 'md5', 'e381c91a15665288ea6ee9f637ed572d'),
(47, 'md5', 'ef928c37d5779aede2bb6bf20c59a6f6'),
(48, 'md5', '2be3cb024050db97740fd275a76346ea'),
(49, 'md5', '3efff1fa9fdc6ace4fb2412bfd693278'),
(50, 'md5', '905e09c02cada9f60b6424ab9da2cff8'),
(51, 'md5', '4a4fc6af6dfe8ff71b79c31e8c603518'),
(52, 'md5', 'af0cbfb4dbbcc33ceef8b1833404ee45'),
(53, 'md5', '5e05e6f75831d283bb4595e0e3357434'),
(54, 'md5', '5d0693a1348bd2b03791588bf6bcbfe8'),
(55, 'md5', '462849924f7ca122d496efcbc8c07c0b'),
(56, 'md5', '80c9a3fc990f47ea682e34e550a2bdf6'),
(57, 'md5', '2f02a6a365b0b5b613324f994c462181'),
(58, 'md5', '8f3719afa648fcf7985c071479dd1f95'),
(59, 'md5', '923006f5e7d63345ce44518f5bb07de3'),
(60, 'md5', 'ef5d3475c156a40ae811d90c0e3e5e0d'),
(61, 'md5', 'a5be63fe042ff69935a841a0aad49bf1'),
(62, 'md5', '94f4266be5eed1d4d935e309ea16121f'),
(63, 'md5', '691521bc31a4a9054b1ff5733a843fd4'),
(64, 'md5', '93cc6e3e69ee9b6c503e7d0a96058393'),
(65, 'md5', 'dab5b77211418857792d138c9ea0b1b3'),
(66, 'md5', 'edff31e68ef0496a19cb881321c8311a'),
(67, 'md5', 'dfaa82479752aa4d37a967a2f5664d76'),
(68, 'md5', 'f0189dd01174c1a9d5196700496c21fc'),
(69, 'md5', 'aa85dfcf529ebf10cb3c1f45de6e73b9'),
(70, 'md5', 'd12cf75d670d5585224c866cfa9cf8a4'),
(71, 'md5', 'dbb85728ac0a870315baaafc3d0dc7dd'),
(72, 'md5', 'a1838a1212b2c7ca77b685f0cb83f19b'),
(73, 'md5', '114d637efd414d4df1c0069dff7c0c40'),
(74, 'md5', '61c9425f65b6765bc9cdf44e4aff48e2'),
(75, 'md5', '7d7098854aa073a9fbc791d7680a30da'),
(76, 'md5', 'a2f1baf12431187adff083b29ac17854'),
(77, 'md5', '012f172200ea27ac9cb03e8793ab3aab'),
(78, 'md5', '0febf226b1e92ca8ea6253910c75ceee'),
(79, 'md5', '7c1a7943145f7025bf84b44e8c3f4506'),
(80, 'md5', 'f8b52944b4c725f76bcd9b5884c48dd8'),
(81, 'md5', '13fc8f22f14ee56110719c79cf221742'),
(82, 'md5', 'e839bc0e188dc6adeb8b934e6ca6db41'),
(83, 'md5', 'e6a00ae0884168b9af5d13e6134f01bc'),
(84, 'md5', '2c5b7a672c521a6cc787039d1fd44748'),
(85, 'md5', 'e9d165d515cd89642d2c4b2172c4cb85'),
(86, 'md5', '81affcad6b503a0f7efcd8de08f0e8d4'),
(87, 'md5', '7084ed4530f92c9d08c55ff895794611'),
(88, 'md5', '3aa1ccefb651427e2487bf1d1259bb0f'),
(89, 'md5', '7476609b61b0262fadbc0753bed65d2e'),
(90, 'md5', 'c6857525a1a2930912f463ef76549c3a'),
(91, 'md5', 'f9ae544ba23e854d7a2327526a61468d'),
(92, 'md5', 'be81daaf5dbe8cc8c090007b73d5a28a'),
(93, 'md5', '74f75042903955875727b63d41e40496'),
(94, 'md5', '34c92ccd5f8e283a00d4b0ed89537175'),
(95, 'md5', '89640613b597272938f356437bbe30c5'),
(96, 'md5', '2468e954f58915ae11c6a2f3ff43963d'),
(97, 'md5', '1f625d926cb1b09bdfb55233581c69df'),
(98, 'md5', 'dcf0ec0cc40099c48e875c6fb921058d'),
(99, 'md5', '905d29cce341f3dccca54c79508b5e22'),
(100, 'md5', 'caccb50581af387e00e43429d3aa7910'),
(101, 'md5', 'ea0697818f173a692671de49450a9323'),
(102, 'md5', '8562978f03c5c8a199e43160501aa685'),
(103, 'md5', '581351f46094064627c21db18ff4e73a'),
(104, 'md5', 'cd7e47c6ed031b1a822161ea1ac8d2e3'),
(105, 'md5', 'bfc155779db5d2d2f1cd730d8c70faa4'),
(106, 'md5', '231f583d58a8468f4536ec03261422ec'),
(107, 'md5', '3422c6c813f404edd24e384d8c5ea4ca'),
(108, 'md5', 'a46b467fce5ed12cd6b030670f31a353'),
(109, 'md5', '81ffa6cbf60e1c52e021045fa2054a71'),
(110, 'md5', '825ea52638c62fbf535882dd0d688606'),
(111, 'md5', 'd6f934b43da3e4a5b2f47d7f64b2e660'),
(112, 'md5', 'c4b6ed1ef483e5bf4e3edc50cbcfcd4c'),
(113, 'md5', 'e45e3a3b21eb3f5b1f3e0befb0f33d08'),
(114, 'md5', '0983f5b9a0279160f9421f5d229f743b'),
(115, 'md5', '410f7b8c9c0b8aa40a6254ae6adcca2a'),
(1, 'sha512', 'e4a4cac552b6f9485fbd899c5e966bf1bf53b5d410289df409c88b4f5e32752d3c315cd2414faaf4284e6e8c40b3afc1aa89fb77d5dec2f6f9f66aea943c0958'),
(2, 'sha512', 'e4a4cac552b6f9485fbd899c5e966bf1bf53b5d410289df409c88b4f5e32752d3c315cd2414faaf4284e6e8c40b3afc1aa89fb77d5dec2f6f9f66aea943c0958'),
(3, 'sha512', '0e3a77ef75a1997013ec126a38c15a915a4f7ae51e2aedf3e1c3e2fe9cd7edb5914031f19b57d2a2242ebf74e0e71be766f0680b89bbfbbfa4b452e1b5694aa0'),
(4, 'sha512', '0526df994c74cbe60114245f96c21574612ba4de473ce65cffe2b9df04d49667a122d5dd7da4ff023442bea5dc4a24bac414403e9613fe53ce026b43e43c8d72'),
(5, 'sha512', '8a55b0870b6e1a9092bac363f828e6fcba763dd747af8cd0344e675dd92a8c16e3c7a82209d0e192a8b289119045902d05e3306d27a248e71363caf2856c62d8'),
(6, 'sha512', '1030481f2cd196daeeb2bd745ff6626815da4248f170b46d6864179819f3c84bf78acf6d79c4d7f936583e595c0f2576770e30455aed0b2a9165e0c438833cd0'),
(7, 'sha512', '60eb666be4338ed931546b14d2ab96f8d2fa22310181a9aa8677fbd900849f7d8225b571dae56925bbfa53950cd8a3a4001cdc16ac4bf643b06b3f267bcdab0b'),
(8, 'sha512', 'aee3e13b639d4761489a821d1034f20bf430db18f3b77570c49063efa67efddc97600b9ed280e353ea37cff67bf0ca609ec92f384856e9bc7e060442d1f817ef'),
(9, 'sha512', '72b4a4d89df5d39cf0a582d66a9e4ebd50f9ae42a33781f046266522ac8fad57f4743a9100ae9e6dfb62af3967950ab2fd8ec665d9ae4401871f8aa4dcfb6942'),
(10, 'sha512', '8b3f747df72137223e9441efe8a6df6ab660922682ce92ec9292622458f9d44d431085dc9900326536508037fe48c86ba26297ebce6fc02c9ce27e579f175bea'),
(11, 'sha512', '0fe821139caa7512a81b0d4c4fa05ec379b9a7bbaaf7cb92b0ac92af3462b50fe089d46f61deba39e0d5fd8c77acdfd9e1fe6d4167a86e6aaeb6f70f2bb377cf'),
(12, 'sha512', 'cfeba004fc579840ce55fd3c57eeb3b38d59504a7c1712636c40e45acfc47219079c1437541d54bf4b5857132426651b45a4cf15389b5dabd6eef0caab4b82aa'),
(13, 'sha512', '36ed545a07c928dd07d780ee5bba505fb092531233c4d432f77a6035f8e88542a3890ca741cc456b9285bf9d62f27549f47be7545ee4104f55359e64402e5e78'),
(14, 'sha512', '7d95538b29edc6549e0e2a9eabf4b9d36f9ce5dcf2568338ae9a0c23e3e54fcfed784394bf89eb9eac87fc38ac2c61741206028b102508f12d5a9c4dc861935b'),
(15, 'sha512', 'ca28692149e6ac5a6527f97f9b2fcbe8370eb1d9fcff154c73f0dee5ac94fe605cb60623169c1ac0fb17da9fb259f0f2776bc1a5e0d40e29ec292491c1aaca84'),
(16, 'sha512', '01bf1e3025274fcfe71e396f0ef479ca49a14c508fa537fcf81c263c60a932bb31f810713ae3aa426cf9ddc2615ccdc7eefdb8af9b19b77958e92f92a0b81a0f'),
(17, 'sha512', 'ede611db0996e9a986ec5e72036a4a7e405e860f418374b761bb2ab90533ed986bd7672ad5ecd40d805cf82d335f0be9225dcc9c8b3b23bfd626e228df1e40df'),
(18, 'sha512', '2a402aef4f5feccc9fe1f9f2058dcc80767f8a566e78af97e3c6285061eb3913c0f265b6d56f2533735a870de6b321c5fa883813d108d164ad45f35b2e2a675f'),
(19, 'sha512', 'b483eda660617554ceab154a5a44b598c9e10dc5cca330c8451fc7cc67116c9af69485e5ddaeeb4167da52911ee1f7219e4c4120d37aa28196c689496e64079e'),
(20, 'sha512', '62392f7f5401a1439da6488a0894689c035a75132a3026c05cddd7177c29f403b77bf2fb54595ad87308d28ead786c3530ab99c63f13feaf892bacbcab23aaa8'),
(21, 'sha512', '29efa0fdd14a226dc28cc495a2445e7058e76e58db16667cef02c0368ad8a0fbec682442f495cb85212bc2b12ae5999697937e5fb7687ff8858014df94f17d95'),
(22, 'sha512', '4909eea3cf379c93eabff47a2710a1ee36c2f8e158169a4f4f678a702b154deebbb92931273a46cfa1320f4db782351ea29de80d5a0974ddd77ab2d046b4b408'),
(23, 'sha512', 'a403aa16452e2d97abb0b4e92aff0fe761e4b9493b58a6cbfb40799d6ec90903d9cde835a5936eeb91246b3382d94ac35056cb1e278e9ae339bb738a95b98e17'),
(24, 'sha512', 'dd555930a863906459a69f2707d5a96040982582433fc28f44cc660fbd33a919941649d3a40c7500cce22b006c4b6444752a04cfd614aec7fecf4812d17a6e8b'),
(25, 'sha512', '48a299a01335bea603dc0a930dc222332b3a886fcc73eb80af1865af8035197764614dde5d7a98a6169efceaeb81c2cb029bda8ead8928499d1dd422b8339415'),
(26, 'sha512', '9be2621262987da26a3b4275f01d3be83ad71cb8adc96eff161ce13aaa4bbe6ae5da2f832f97d11c5efc56c7a8a9370ca801f955f39c5d8b6f05028f115fdb46'),
(27, 'sha512', '06ab66fe5ae57712d39f4aa2885d67389362a60258f512b95c717c3588403eec9f5cf28674172eab405f033e953a352b84f99bd4608ab3f89de02a4f73b69526'),
(28, 'sha512', '40255c62d5280f9726eb43996ec7c1866b96af957ee9d65e62d61809fdebe76513d3aa7c24272ffd651f8d08b307868c6e30bb12d582c093d415deb7a8cd235c'),
(29, 'sha512', 'a9e5861e5f0bf07cf82f9aa870afa1f388a2cb32e04f4b74744039d49c7a8b98ea0154b1b7f4763d50d2d9070dd4802e2185f6c0fcbec25c93a6aeac97452985'),
(30, 'sha512', '049158e1152f577a59f2d553c6525fc7e0be44e415d0d0ad44c93ebe02f5c94e56585a7e5bd6b9408df0188cb73b072badd7a6f06a4b2bbd825144639881c0fa'),
(31, 'sha512', 'a873f38a6bde32121b33a62a3b6dc93ea94add45ac15b75831d5a53de8cd4b5810afc21cc284b874ba325cef72cb5e6bea42cd5ecee9d43c5e479dc80731da66'),
(32, 'sha512', 'fd16431faf180a4c0d5b86b510a65517787ca5d358d6979a6b81d35548979409cfad11b1300c5cf777678c31c646bfbcd9f630a01252c2e6bb23f8979444a56b'),
(33, 'sha512', 'e379bd2d14e2e5af140536ee88b6b63c299ab905632f05c7b4b3d63943aa1dc3fece8b01e81770921762e7979499d66b2f62dda9abad7268a8dbf6e1ffa768a0'),
(34, 'sha512', 'dbb053d7815e15679ecd11f065263c46232333fb14892e4a45bb6a822259ad741c23862ec3eb837867a59e6e67715e71095cfdc575ec105f844787c5250f2b11'),
(35, 'sha512', 'f40bc3efef190603282af4e1d781fcecb6e382d10d449689807fca984854dc01a5cb879dd7aee8887b62f4bc9cfe6518d218d81417a1cca0b4bf0258bc985191'),
(36, 'sha512', '70e47046baf36138e1ef4ad9a7a11c2dee4116a2fab56298bc3ec181062b692d6b40459d4c5d7681f418a498a9f6c603864a50de5dbdfea296ada0516660bd93'),
(37, 'sha512', '3a8c893597795044aadd176a79a731dc2692431d18a100f1fcbe95dea28e01843e6f6844b34c438104e1cded14ae3c8ba67d36689ac83ecbf37e94235b5c0d11'),
(38, 'sha512', '8fb82f1c31a640bad783a3bbcb964a9096c24a00dc3c6fa029e2a02ea30f3b6340207af689183a89a78fe7ab4b0b83be56f4cd03b3e921ad42fd3eec625d8364'),
(39, 'sha512', '267164450d3a62e5c5f9eb8489393ab385fc2bc01cbb468feb94f70f64ed4d79df43e0e2f947d3727f5e718917d383de89e1d132d867f0747234e96b332e11cd'),
(40, 'sha512', '660d5744b42f73221c5400a95540462011202d852515fc07c793c0620ed62c5fa5bd8807b3bc71a18df31ac644a44b905d0d0a1635e2031c9658e6cbc26f2c50'),
(41, 'sha512', 'c556beaa2c80656c3b5da66f9eaee36c9c473ad4b79b40796481bb6cc4cd4831ce0f58bb3f8a2e671f39ed94601d71c14894a7716139d499557a122a6f656c04'),
(42, 'sha512', '99a8563bb2c80b78adf782da33df966f900650d06d74b18fd23b26be1d4af60a177c8b28a245ae99ded93bc04c18abc24ccb5efcf4628dbfe16f218b3a401296'),
(43, 'sha512', '318f83e1854fadc788444db66184964f340e996df64ef2dd497cf16cddf94ed9bc6d20994e4c30b1842d3bd2fa6dccbd615f9d5dac2e3c0b24583c3c7b542c7f'),
(44, 'sha512', 'e5e0fcecd4c2cc4b776efe17b09fef8628e65de2744a08f187fe7071097fa6172b604392a10be6ac967859b71b5344e4e3ad9be76b468e79ef5cc0928c7ace3e'),
(45, 'sha512', '196f83b57d115775fadebd6412a51155d40525b1225a4da5b6e814e11886d851c168b40f6a35a99b0857a6033dadf7df5fb1d7807c1928618451cabb6675f907'),
(46, 'sha512', '09518118cf75073dec6f0e7c1252a4580575dd99544364fa206aafb63ee702f0cd815350ed252450fd76c95c6a17aec4d623c3d914fa7f57585e972d04c92876'),
(47, 'sha512', '83d3a7a760981da00c4c7ff47162149878a032128bf3764390d8319bbd8b53c43522f236758fc1f42f178e02b4636e73a811d8e121f78362afea8cbd0d707df2'),
(48, 'sha512', '341ecfc6fd1c5d5fb7864342cc3741c92ecadae29699655f7d23192fcf28383bac9f4110b24d37d4d4699b68503e4fd669c65e575d53c196dec92437a91f4a15'),
(49, 'sha512', '9beaaeafa5543a97a4b98423a8eb6595c9e35793a11b52cf0e59389c0441bb589693371810b97a0874c9e3a3950883d5ae4b2b86adf482dc1aa5272bcb6eb604'),
(50, 'sha512', '76d5d55238cb3f5d9e0afec56a8225c600379a51351481a987e0e90573bb0a48f6c912f6ec9db7564446d86028ca090e0c8c45feac0c3b4731d23a6efd8234fd'),
(51, 'sha512', 'aa0d5518c6c224d5e9cf8d876438fe28da7cc59341cdb87eb549dacddaa0767bca67eb4b824f800d5782b83fea746cec897588661b7602f839d229ce30fb4faa'),
(52, 'sha512', 'ea14bb2020130f6f8fc09d6570eba50902e4c940d76a719b3420e174927b03600e6c25b107eab27cf4dafa09e1f5cc58b9024c26038c0848a559fdb720da7fae'),
(53, 'sha512', '8443db52ef62eb7cf3955474259246128f1de98880581458c0462aa8dac9d09bb8b1d4792cde73007ff5630fa8d2e40dfdacda20630c6a0cd4d1ed861b59a5b5'),
(54, 'sha512', '6c2b56b5c3add1c40a2ac2a11f339026053f33bb0ee7336b09543cf3ae27d05340fb8c13f68fb728c88523b8253830d7839ba26a1ff17adc6e6aad8673317f78'),
(55, 'sha512', 'd44f112d5837287646f31a319ea9838daed3c3c5ec8b4911b401fa4787a4edcd2f45a8c7bb7513cf4819c9e677aeb8634d565adb3fa6e682555f61d374a1ccaf'),
(56, 'sha512', '02d58e9aa30c3abc749c971cf967f3d510a9784b016f1c9065abcad268fed6521321fc9c7166339be9ca81303b0066bb0970904001c31a70b7dc29b31333b940'),
(57, 'sha512', 'd4da89ea957ba3baa87c05473b033c5548ddc9d974233d8e4889615e769f3d836ec94672417b6f1ae382c3811c7c167e7b6f917186d54164d5c8fe65df5beaac'),
(58, 'sha512', '77ea7337c4d9f5c2929477aecb2b995de85a22cae6f07d0c57fe0b6ec8669648960ccda6e288fc1daa84a3dd0e2835dd661681f4cdd42cf207bd74d320347fd7'),
(59, 'sha512', 'b5091edbf27195cc62c28084060e416fecb517c115ee61dea762e4a5be1e1779834375cb14ee6b0100a9fdfc1b2baaf3c3f63b58dd34f7c89738455f7783c60a'),
(60, 'sha512', '975b18fef3ed4b1a50861779adb0dfc015e465777b74fc683dcb98fd3e06060926bd98e6008f76eea02d9a1decdd79555f3e391a0636e4faafe4d45ee1359cef'),
(61, 'sha512', 'd2c61aaaaf9f5e84628049080ff0821611b5ba20747cf3329a4cfde88119d764c3bf7897d03f5a9435a07508fbd2c26e1d79ac4e883070defe5f990a3def58b3'),
(62, 'sha512', '481b5de09dce07babd9b5a983c26ded9543f0a6619d1b3d05c197b8f90d5110b773b3b4e45ea929c99b63dc951c88bee4d4a48bb3deb029caaa2a4be8907738a'),
(63, 'sha512', '0e5e767359332d4a45648905596ac764e4fec3822eee7b8e99ee4e004180659e99c9f60839c5d8856d8d960623fddfb0cdacb3c2d9adfc020efa451ef27c4540'),
(64, 'sha512', '482664bd545612dca02a1df3eb4f27c7ebb0a15a9d23ac7c839ee5aa84d59c8e01b217fb5e2ab48aa1fa7b464af954f90763ccc0b3e1268f7d99ee40e880bd46'),
(65, 'sha512', '25cee3489dd285971be11178e49ec1919df4cfd66e545aee3596131e6d5a081e601ee1e11fe97a11d77f491031f9a8b910f1cb44a32558c7b0122471a960ca6c'),
(66, 'sha512', 'ffed3218ccbb38cbeab9e669e73c4336f2cbb868bad2186a2f3b16ea5d024a5a1bb7598b30e3eeee5030f84c8e4de4e71c1d9b1b2bf6cbc6b028cde36156dfca'),
(67, 'sha512', '49bdc0d31ca23da947f86014d1c0e7c3c8c6b5979e2288375df25b712f54f03340cbce28fd63e54eef7d599b83e643f4f8140e670dd4df6350082b7f3622644a'),
(68, 'sha512', '079e69ac023d8d3328dd91bfa5e994facafcf6e0fb1ad91dfb65a6cb7533ee1d81c93a5c564f34832213a4cbf3c814f893e732da8c60a39e18937f9cb5b19169'),
(69, 'sha512', '5cfd55f6c188f150f632fb5b831e72db3ded063c72f632ebac94ba4d4c442023c94d6f01877853dda15bd59d1e6ecf4ec4967e256bacfe64d4ca81f8ef5ff08d'),
(70, 'sha512', '10fa0644eeb2c3704ce4acb9bc664944d4ac4282ac4b0572e04001e02469cb5aa85ef160e7be017d680d4e95554f7cf36333c3e06396ba9a5c84afa7f65000ee'),
(71, 'sha512', '851faa221cdbb981ac0199d8588b4011317cfe1dd6e362ab69d26967bcdd8fa63c578d045706b2d7a415d9f93e248ec2eb38c75b6be33cfc50c947917d898a12'),
(72, 'sha512', 'b26c8f792bd1633ad4c087cf6613d5a31bab583c0be2ced0e36c9e4598e7b78c7f910049e16a2ca0b9c30030d6046db4011b17cb28c47750b1deef0061248964'),
(73, 'sha512', '02bb0c8e8bc51c0470795137ed5b5bf6867d7113110401e9d1e14183fb7d2b47618a1f13841a1042da76d4d2064576821311666ce11cef099d68b47e937a55e8'),
(74, 'sha512', 'eee5c173fbd56d006de3bd559a9dc4cc4316e0612c2d3e603ebbdcc3c7ab36aacd161115d6c20cec6cc26adbe1b378c1ba014259f9e522bee4c76f84350b21c0'),
(75, 'sha512', '416baf99f945b93b11856f2fa9affbfd1f12f2ca178ab0d283689d822f5cb42b7166cc7b81467842ec04f99653ddde527f52f333f290e8908389a8c0287d6d20'),
(76, 'sha512', '231af978f8618e028b19c7c1e7e76a55e901050bb08c7806fb49a0b9fc2da096689e0a62730e0bab315122bedebe9433f06378d568c4a9f722e32c3e245fdfa7'),
(77, 'sha512', '149791545526b02f5f2595e61f47d44cabd2781463b08239c102e7d092b74f6094046f809ad710b432dda28b5ff1226b7777d0e1d07a72e8865a8d8a62d7e7c8'),
(78, 'sha512', '971eb87ca55807168523d1ef1f34ec58a196a920ea03d5ff8cf3a5912f450e07e373c1f4ec394f4fb4e2abe7b00c9e6f7bdcfbc3c341a9c703d649c51e88e5e9'),
(79, 'sha512', 'e506c48afece268a91927ccbab9682be5746d06d9e4c87d9d8949317e1bb52558e438401694f80f89f04c37fdf2568959c5e8ce805358087163676e4ca375f43'),
(80, 'sha512', 'd17165e3b5be2a46cad27d7607dbe752073646f3ef5eacaec18f18fce7de09a5b6f5dc8396ca1cc6b5755b425eef877980ddd9bdc17707fb4ccb52a148047596'),
(81, 'sha512', 'd473ce0c498becbf088ab2abc2bb56e7b24eff0c628800fb3682f9c9717331a0ff4bbc600259c91d6487b91e7dd847a8120b1d3631b21c48ebf9f3fda325165e'),
(82, 'sha512', 'f3eaef20ed8c1c8df31dc64b7f94b3911c345c2dce24fc9aea47091505ac2540d52baf855d195ffb159f5759201de4d15d4a83a77857c0b4578da3093fefa2c1'),
(83, 'sha512', 'b69608c62b710d5910afa11c8271df757778c6b367985fc2e7be8f271175d6b1d59d82ee2bdff99cabe4e3bd2dd8eefc7867c9eb652d875755848efa58398559'),
(84, 'sha512', '9863cd85e4050cd534e10645c0bfd84b4bdf5744bc2052e9625a7a32b1d8a74a1ae0f8aefd23c7e895813df76382c10836b06b664677dbe187179147eceb7f3b'),
(85, 'sha512', 'f6e31695d3f2b740720da813693cab321fd8098c62627f5c1df3acb560b7aba3c6b477e216ef786982556f50311ade21e2ad201b151ed659e045f53a68f2b86a'),
(86, 'sha512', 'd9511ad852b9dab57424e5a75e7da082ea5b9371ec829dbc5f7e96674f09210542652faa4189f645b8537a40047b46e5cdee084cc2186a6c0a0efdcb16f03c0a'),
(87, 'sha512', 'd5eb1e4ee1976aca7fd9143add425d818858d6d26b709e3a2741b1a3e2fe2f41902c572596056e01a9471d6cee460979005ea5bc509e9e0e34c0a5a728ab0127'),
(88, 'sha512', '6c06acf3fb122bdf767288e4863973894b887603c32b85de5ed23cd1a158ae8c9e2f650947d89fa7ce0c5fd26c97a12ecdee016542f2af8e0bdbf032a9d3c502'),
(89, 'sha512', '62b0aa4dea49590283ee4a048282f3c82356605a7e8a01631730f1a4576cd1c156276f9f3cc14b0fb8ca6fadd312caae94843465f7e699495712f850cf24debf'),
(90, 'sha512', '8aafd6d170172aa981eff9d43b6e8382a876c6a600ec51e1381e62712dd754fefb3fdcc52f9a3e45c788c3b052b3bac4f8757fcc8967bdb649e3e11edb0a1e3a'),
(91, 'sha512', '1518aa5fde2fe89cefeecb9df1544e2091dd85463870928b8dbeb8bb43e3fef86d3f085d9687b7e1213593822b240826df7464c3743c57bcbdae92422722076e'),
(92, 'sha512', '6243a43c2413230e82779baa5ce9137c61cdf8b39157562e7d72db4fb1d5494a14a893eed1059d1b2afc320015a947640735284a1591a90b260abedde7371372'),
(93, 'sha512', 'c1c475c94dacffcf6ea1e0044ef25fd8ab671515ba6fc4ebc1b0d2b94d2798ecab1734a4049df8d935504d5fcb018ed18b03737abb342848043fcd81110f04c7'),
(94, 'sha512', '0261ee7f88c8353125edf398eef7e94d738e1fbb6ee081bbef13760f306f22a2e38adb1044aaa891ae3a8ed12f2b9f4106d6dd3843e44083496dbf06c6f5082c'),
(95, 'sha512', 'a17eefee16e6cf3a6950e38534dedcf41a24470ebb13d23818cdddbae781182fb9e9c08d9b6e3fec2f2761d85b01fe34eef3e1f20f0f9b76eb19bf9dc2636af2'),
(96, 'sha512', 'c8864a43facc3cbb689eb1d6d4cc2c2472fbb9520d7bc17c85150dc0f45c538f8ffe2d54282e5f3f2cbf7dfc5cfbd843a6e4be555519441c2b9e04fb46373bba'),
(97, 'sha512', '1c793395d24a79d4f52bfe3a7953d92b298126168f85742dcb4c3307a4bfa4e856a61549e4ef733edccdf8b20ff71f1e146b1cb1b181c309eb7eb38c49fa043c'),
(98, 'sha512', '9293dfc3021088ca6787f404f7d1432352652c71640b1b67b501e753eff52761df80cfb4f5951ab6f9179a4ba88a2c0f76aad725b80ca6182ebadddc42115c56'),
(99, 'sha512', '3f35b8d526b41f0ab0e7d885514b36918e22148f2b3884e3e1de7a43ed0549d66fc72e919650e350a08b774f10843428a848fcad09a77c1d86998754788f9a0f'),
(100, 'sha512', 'abde6f500d3c93851d03372f3e4ae2cafc6779e6118d2d8879570530080207256da611afd61b8f7f60a3ea51d2e7c38487282d94ba08806e4d1a562359313407'),
(101, 'sha512', 'cf5593c3e27694cbdcc05f86d09a34295f5477c63d6270b00c5a3bc06d281271bb1e04767392a39b7d6ddb8b89648edd1dca243c7acf95f1d6eadc46fc50366e'),
(102, 'sha512', '7b34620255a69bf8ccf38f2a90927b9e9d878f7e0cd74fe56a08a0af05fe94ff30c6ce43da2d18354edb14b7f943a975b17482ae5fd339af879b68b1331d1765'),
(103, 'sha512', 'dba3a09c35b8533e87403f78455e03a70669ffe39946549829dc2fafb05e5d51798dd00537e1cf90af8c1edbc2c2e50bc3a97da0364dcfdb78b1d1d014614106'),
(104, 'sha512', 'af51214af301e006ff697ad985cea18324cb5f3e23ead32852af0e7190e0f13628b0e373220e304d00d7c5f3b31fdfbd90a7aa38aeecf069a2f6073e81bc1721'),
(105, 'sha512', '3b8d7767b33f61c4401358ffb0874eefbb3aab0641a4c52ce9cca00e55c75ea661e9b332f88caf1967e729730b0519386c59b82588766a2aebb8e07bd62a18f0'),
(106, 'sha512', '6aa85f93926fdfb4d10ae962322fd93101e07eefca567905c7201a6ed351aecefd7bca9dd68931f48960906fdc1fd4a7272d98df5e5e608d20ffe2ff4caf88f2'),
(107, 'sha512', '4dd559dff3a0fcf150ab4b7da5902f7dbc4a09a65845eab9a3504c9d69fb6a7070677dcada34f31eba325632d04541e9040c73bbb03eb13fb13d93e7d7ee0340'),
(108, 'sha512', '471a06f44f2c18b6347bf85f8cbc739105179551623a931a04ff8049e9bce8b424a469df6cd25d955b23ec14e2fe66ed115bc63f881aa9357b3ed8eee3f2a14c'),
(109, 'sha512', '376742872d11e600530a82a765a93a1ad8b6204ed07051b247b9a979b14b2a81d1ad9418c22d690ff8cae80e76edcf0649d31a792af84481b9f487be616cd1e1'),
(110, 'sha512', '8a9b8ab4f5ab2bebd628cc6b0688b73de3c431bc2186f15ccc3d1f64d5d7c6d98c2129d4117c1a82971e03051dcad494de555bd23f49bb71b0949c17ea1f035e'),
(111, 'sha512', '1b3c78330c7e164309b90db12fd187eb07f7b1cf6551f0ee8ef37dbbbeff48aa6663c70059f385fe0429a0093689a3bd4e66d29d479e238b5b1c9f61c06dd23b'),
(112, 'sha512', 'a6a9771d2d01605d099f6215826ff794a69a14d30f7aa93eea120e3706a9bda2b09028cf6226779674748bfac0b5276ef111501242680b76bd835b3d4aa18d34'),
(113, 'sha512', 'b37514571238c0c391775d4823ca09850735b7140dc356d5f0440c4cebcb86bdee281960d8f54c8df71eea5ae3234397dce78280a0529ca80c52b08064d849ab'),
(114, 'sha512', 'cea20f6893757c5809013638e71607d2c8dcdd9051a82e3615af7f8fca96651ed20aacdee6a84fea19490377fb9c58df951cf83fc6a53da209b9b32f28b6067e'),
(115, 'sha512', '85719a4d0855d620c8b5f7674ec520860effe433ff6f4777ba53a72e94374947baaedf2960a9acf8588be1c50ece374abd1a570d76ea6b63f0a62847a119f3fa');

--
-- Daten für Tabelle `link_documents_collections`
--

INSERT INTO `link_documents_collections` (`document_id`, `collection_id`, `role_id`) VALUES
(1, 15994, 1),
(2, 15994, 1),
(3, 15994, 1),
(4, 15994, 1),
(5, 15994, 1),
(6, 15994, 1),
(7, 15994, 1),
(8, 15994, 1),
(9, 15994, 1),
(10, 15994, 1),
(11, 15994, 1),
(12, 15994, 1),
(13, 15994, 1),
(14, 15994, 1),
(15, 15994, 1),
(16, 15994, 1),
(17, 15994, 1),
(18, 15994, 1),
(19, 15994, 1),
(20, 15994, 1),
(21, 15994, 1),
(22, 15994, 1),
(23, 15994, 1),
(24, 15994, 1),
(25, 15994, 1),
(26, 15994, 1),
(27, 15994, 1),
(28, 15994, 1),
(29, 15994, 1),
(30, 15994, 1),
(31, 15994, 1),
(32, 15994, 1),
(33, 15994, 1),
(34, 15994, 1),
(35, 15994, 1),
(36, 15994, 1),
(37, 15994, 1),
(38, 15994, 1),
(39, 15994, 1),
(40, 15994, 1),
(41, 15994, 1),
(42, 15994, 1),
(43, 15994, 1),
(44, 15994, 1),
(45, 15994, 1),
(46, 15994, 1),
(47, 15994, 1),
(48, 15994, 1),
(49, 15994, 1),
(50, 15994, 1),
(51, 15994, 1),
(52, 15994, 1),
(53, 15994, 1),
(54, 15994, 1),
(55, 15994, 1),
(56, 15994, 1),
(57, 15994, 1),
(58, 15994, 1),
(59, 15994, 1),
(60, 15994, 1),
(62, 15994, 1),
(63, 15994, 1),
(64, 15994, 1),
(65, 15994, 1),
(66, 15994, 1),
(67, 15994, 1),
(68, 15994, 1),
(69, 15994, 1),
(70, 15994, 1),
(71, 15994, 1),
(72, 15994, 1),
(73, 15994, 1),
(74, 15994, 1),
(75, 15994, 1),
(76, 15994, 1),
(77, 15994, 1),
(78, 15994, 1),
(79, 15994, 1),
(80, 15994, 1),
(81, 15994, 1),
(82, 15994, 1),
(83, 15994, 1),
(84, 15994, 1),
(85, 15994, 1),
(86, 15994, 1),
(87, 15994, 1),
(88, 15994, 1),
(89, 15994, 1),
(90, 15994, 1),
(3, 15995, 1),
(8, 15995, 1),
(10, 15995, 1),
(90, 15995, 1),
(5, 15996, 1),
(42, 15996, 1),
(43, 15996, 1),
(77, 15996, 1),
(79, 15996, 1),
(6, 15999, 1),
(25, 15999, 1),
(40, 15999, 1),
(41, 15999, 1),
(80, 15999, 1),
(4, 16000, 1),
(44, 16000, 1),
(45, 16000, 1),
(45, 16007, 1),
(90, 16007, 1),
(81, 16016, 1),
(81, 16019, 1),
(81, 16022, 1),
(44, 16028, 1),
(5, 16030, 1),
(41, 16035, 1),
(81, 16035, 1),
(81, 16037, 1),
(9, 16042, 1),
(81, 16043, 1),
(11, 16044, 1),
(12, 16044, 1),
(13, 16044, 1),
(14, 16044, 1),
(15, 16044, 1),
(16, 16044, 1),
(17, 16044, 1),
(18, 16044, 1),
(19, 16044, 1),
(20, 16044, 1),
(21, 16044, 1),
(22, 16044, 1),
(23, 16044, 1),
(26, 16044, 1),
(27, 16044, 1),
(28, 16044, 1),
(29, 16044, 1),
(30, 16044, 1),
(31, 16044, 1),
(32, 16044, 1),
(33, 16044, 1),
(34, 16044, 1),
(35, 16044, 1),
(36, 16044, 1),
(37, 16044, 1),
(38, 16044, 1),
(39, 16044, 1),
(47, 16044, 1),
(48, 16044, 1),
(49, 16044, 1),
(50, 16044, 1),
(51, 16044, 1),
(52, 16044, 1),
(53, 16044, 1),
(54, 16044, 1),
(55, 16044, 1),
(56, 16044, 1),
(66, 16044, 1),
(67, 16044, 1),
(68, 16044, 1),
(69, 16044, 1),
(70, 16044, 1),
(71, 16044, 1),
(72, 16044, 1),
(73, 16044, 1),
(74, 16044, 1),
(75, 16044, 1),
(76, 16044, 1),
(78, 16044, 1),
(81, 16044, 1),
(85, 16044, 1),
(86, 16044, 1),
(87, 16044, 1),
(88, 16044, 1),
(89, 16044, 1),
(8, 16046, 1),
(43, 16047, 1),
(77, 16049, 1),
(79, 16049, 1),
(3, 16052, 1),
(42, 16052, 1),
(10, 16056, 1),
(6, 16061, 1),
(57, 16066, 1),
(58, 16066, 1),
(62, 16066, 1),
(63, 16066, 1),
(64, 16066, 1),
(65, 16066, 1),
(82, 16066, 1),
(83, 16066, 1),
(25, 16068, 1),
(40, 16068, 1),
(80, 16068, 1),
(81, 16070, 1),
(4, 16072, 1),
(1, 16079, 1),
(2, 16079, 1),
(7, 16079, 1),
(46, 16079, 1),
(59, 16079, 1),
(60, 16079, 1),
(84, 16079, 1),
(24, 16084, 1),
(1, 15, 2),
(2, 15, 2),
(46, 15, 2),
(59, 15, 2),
(60, 15, 2),
(84, 15, 2),
(8, 63, 2),
(7, 66, 2),
(58, 69, 2),
(25, 73, 2),
(40, 73, 2),
(80, 73, 2),
(3, 74, 2),
(5, 74, 2),
(6, 74, 2),
(9, 74, 2),
(11, 74, 2),
(12, 74, 2),
(13, 74, 2),
(14, 74, 2),
(15, 74, 2),
(16, 74, 2),
(17, 74, 2),
(18, 74, 2),
(19, 74, 2),
(20, 74, 2),
(21, 74, 2),
(22, 74, 2),
(23, 74, 2),
(24, 74, 2),
(26, 74, 2),
(27, 74, 2),
(28, 74, 2),
(29, 74, 2),
(30, 74, 2),
(31, 74, 2),
(32, 74, 2),
(33, 74, 2),
(34, 74, 2),
(35, 74, 2),
(36, 74, 2),
(37, 74, 2),
(38, 74, 2),
(39, 74, 2),
(41, 74, 2),
(42, 74, 2),
(43, 74, 2),
(44, 74, 2),
(45, 74, 2),
(47, 74, 2),
(48, 74, 2),
(49, 74, 2),
(50, 74, 2),
(51, 74, 2),
(52, 74, 2),
(53, 74, 2),
(54, 74, 2),
(55, 74, 2),
(56, 74, 2),
(57, 74, 2),
(62, 74, 2),
(63, 74, 2),
(64, 74, 2),
(65, 74, 2),
(66, 74, 2),
(67, 74, 2),
(68, 74, 2),
(69, 74, 2),
(70, 74, 2),
(71, 74, 2),
(72, 74, 2),
(73, 74, 2),
(74, 74, 2),
(75, 74, 2),
(76, 74, 2),
(77, 74, 2),
(78, 74, 2),
(79, 74, 2),
(81, 74, 2),
(82, 74, 2),
(83, 74, 2),
(85, 74, 2),
(86, 74, 2),
(87, 74, 2),
(88, 74, 2),
(89, 74, 2),
(90, 74, 2),
(4, 78, 2),
(10, 116, 2),
(1, 1090, 3),
(3, 1171, 3),
(2, 1952, 3),
(2, 2369, 3),
(2, 2374, 3),
(79, 2793, 4),
(79, 2842, 4),
(79, 5537, 4),
(8, 12325, 6),
(8, 12340, 6),
(84, 13920, 7),
(84, 13924, 7),
(84, 13935, 7),
(44, 14738, 7),
(25, 14840, 7),
(40, 14840, 7),
(44, 14840, 7),
(40, 14874, 7),
(44, 14894, 7),
(40, 14896, 7),
(42, 15004, 7),
(11, 15028, 7),
(12, 15028, 7),
(13, 15028, 7),
(14, 15028, 7),
(15, 15028, 7),
(16, 15028, 7),
(17, 15028, 7),
(18, 15028, 7),
(19, 15028, 7),
(20, 15028, 7),
(21, 15028, 7),
(22, 15028, 7),
(23, 15028, 7),
(26, 15028, 7),
(27, 15028, 7),
(28, 15028, 7),
(29, 15028, 7),
(30, 15028, 7),
(31, 15028, 7),
(32, 15028, 7),
(33, 15028, 7),
(34, 15028, 7),
(35, 15028, 7),
(36, 15028, 7),
(37, 15028, 7),
(38, 15028, 7),
(39, 15028, 7),
(47, 15028, 7),
(48, 15028, 7),
(49, 15028, 7),
(50, 15028, 7),
(51, 15028, 7),
(52, 15028, 7),
(53, 15028, 7),
(54, 15028, 7),
(55, 15028, 7),
(56, 15028, 7),
(66, 15028, 7),
(67, 15028, 7),
(68, 15028, 7),
(69, 15028, 7),
(70, 15028, 7),
(71, 15028, 7),
(72, 15028, 7),
(73, 15028, 7),
(74, 15028, 7),
(75, 15028, 7),
(76, 15028, 7),
(78, 15028, 7),
(85, 15028, 7),
(86, 15028, 7),
(87, 15028, 7),
(88, 15028, 7),
(89, 15028, 7),
(42, 15091, 7),
(59, 15236, 7),
(60, 15236, 7),
(44, 15286, 7),
(24, 15720, 7),
(11, 16091, 10),
(12, 16092, 10),
(13, 16093, 10),
(14, 16094, 10),
(15, 16095, 10),
(16, 16096, 10),
(17, 16097, 10),
(18, 16098, 10),
(19, 16099, 10),
(20, 16100, 10),
(21, 16101, 10),
(22, 16102, 10),
(23, 16103, 10),
(24, 16104, 10),
(26, 16105, 10),
(27, 16106, 10),
(28, 16107, 10),
(29, 16108, 10),
(30, 16109, 10),
(31, 16110, 10),
(32, 16111, 10),
(33, 16112, 10),
(34, 16113, 10),
(35, 16114, 10),
(36, 16115, 10),
(37, 16116, 10),
(38, 16117, 10),
(39, 16118, 10),
(45, 16119, 10),
(47, 16120, 10),
(48, 16121, 10),
(49, 16122, 10),
(50, 16123, 10),
(51, 16124, 10),
(52, 16125, 10),
(53, 16126, 10),
(54, 16127, 10),
(55, 16128, 10),
(56, 16129, 10),
(66, 16130, 10),
(67, 16131, 10),
(68, 16132, 10),
(69, 16133, 10),
(70, 16134, 10),
(71, 16135, 10),
(72, 16136, 10),
(73, 16137, 10),
(74, 16138, 10),
(75, 16139, 10),
(76, 16140, 10),
(78, 16141, 10),
(85, 16142, 10),
(86, 16143, 10),
(87, 16144, 10),
(88, 16145, 10),
(89, 16146, 10),
(90, 16147, 10);

--
-- Daten für Tabelle `link_documents_licences`
--

INSERT INTO `link_documents_licences` (`document_id`, `licence_id`) VALUES
(1, 21),
(2, 21),
(3, 21),
(4, 21),
(5, 21),
(6, 21),
(7, 21),
(8, 21),
(9, 21),
(10, 21),
(11, 22),
(12, 22),
(13, 22),
(14, 22),
(15, 22),
(16, 22),
(17, 22),
(18, 22),
(19, 22),
(20, 22),
(21, 22),
(22, 22),
(23, 22),
(24, 21),
(25, 22),
(26, 22),
(27, 22),
(28, 22),
(29, 22),
(30, 22),
(31, 22),
(32, 22),
(33, 22),
(34, 22),
(35, 22),
(36, 22),
(37, 22),
(38, 22),
(39, 22),
(40, 21),
(41, 6),
(42, 22),
(43, 21),
(44, 22),
(45, 21),
(46, 22),
(47, 22),
(48, 22),
(49, 22),
(50, 22),
(51, 22),
(52, 22),
(53, 22),
(54, 22),
(55, 22),
(56, 22),
(57, 22),
(58, 22),
(59, 3),
(60, 3),
(62, 22),
(63, 22),
(64, 22),
(65, 22),
(66, 22),
(67, 22),
(68, 21),
(69, 22),
(70, 22),
(71, 22),
(72, 22),
(73, 22),
(74, 22),
(75, 22),
(76, 22),
(77, 21),
(78, 22),
(79, 22),
(80, 21),
(81, 21),
(82, 22),
(83, 22),
(84, 21),
(85, 22),
(86, 22),
(87, 22),
(88, 22),
(89, 22),
(90, 21);

--
-- Daten für Tabelle `persons`
--

INSERT INTO `persons` (`id`, `academic_title`, `date_of_birth`, `email`, `first_name`, `last_name`, `place_of_birth`) VALUES
(1, NULL, NULL, NULL, 'Thomas', 'Hapke', NULL),
(2, NULL, NULL, 'o.marahrens@tu-harburg.de', 'Opus3', 'Importer', NULL),
(3, NULL, NULL, NULL, 'Thomas', 'Hapke', NULL),
(4, NULL, NULL, 'o.marahrens@tu-harburg.de', 'Opus3', 'Importer', NULL),
(5, NULL, NULL, NULL, 'Wolfgang', 'Krautschneider', NULL),
(6, NULL, NULL, NULL, 'Bernhard', 'Sell', NULL),
(7, NULL, NULL, NULL, 'Opus3', 'Importer', NULL),
(8, NULL, NULL, NULL, 'Gerd', 'Brunner', NULL),
(9, NULL, NULL, NULL, 'Martin', 'Jungfer', NULL),
(10, NULL, NULL, NULL, 'Opus3', 'Importer', NULL),
(11, NULL, NULL, NULL, 'Klaus', 'Schünemann', NULL),
(12, NULL, NULL, NULL, 'Michael', 'Höft', NULL),
(13, NULL, NULL, 'o.marahrens@tu-harburg.de', 'Opus3', 'Importer', NULL),
(14, NULL, NULL, NULL, 'M.', 'Vötter', NULL),
(15, NULL, NULL, NULL, 'Kay', 'Wiehler', NULL),
(16, NULL, NULL, NULL, 'Opus3', 'Importer', NULL),
(17, NULL, NULL, NULL, 'Thomas', 'Hapke', NULL),
(18, NULL, NULL, 'o.marahrens@tu-harburg.de', 'Opus3', 'Importer', NULL),
(19, NULL, NULL, NULL, 'Siegfried M.', 'Rump', NULL),
(20, NULL, NULL, NULL, 'Jens-Peter Max', 'Zemke', NULL),
(21, NULL, NULL, NULL, 'Opus3', 'Importer', NULL),
(22, NULL, NULL, 'o.marahrens@tu-harburg.de', 'Opus3', 'Importer', NULL),
(23, NULL, NULL, NULL, 'Friedrich H.', 'Vogt', NULL),
(24, NULL, NULL, NULL, 'Marcus', 'Venzke', NULL),
(25, NULL, NULL, 'o.marahrens@tu-harburg.de', 'Opus3', 'Importer', NULL),
(26, NULL, NULL, NULL, 'Klaus', 'Hasselmann', NULL),
(27, NULL, NULL, 'o.marahrens@tu-harburg.de', 'Opus3', 'Importer', NULL),
(28, NULL, NULL, NULL, 'Georg', 'Weinblum', NULL),
(29, NULL, NULL, 'o.marahrens@tu-harburg.de', 'Opus3', 'Importer', NULL),
(30, NULL, NULL, NULL, 'King Han', 'Kwik', NULL),
(31, NULL, NULL, 'o.marahrens@tu-harburg.de', 'Opus3', 'Importer', NULL),
(32, NULL, NULL, NULL, 'Hans', 'Thieme', NULL),
(33, NULL, NULL, 'o.marahrens@tu-harburg.de', 'Opus3', 'Importer', NULL),
(34, NULL, NULL, NULL, 'Hans', 'Thieme', NULL),
(35, NULL, NULL, 'o.marahrens@tu-harburg.de', 'Opus3', 'Importer', NULL),
(36, NULL, NULL, NULL, 'Bernd', 'Wagner', NULL),
(37, NULL, NULL, 'o.marahrens@tu-harburg.de', 'Opus3', 'Importer', NULL),
(38, NULL, NULL, NULL, 'Bernd', 'Wagner', NULL),
(39, NULL, NULL, 'o.marahrens@tu-harburg.de', 'Opus3', 'Importer', NULL),
(40, NULL, NULL, NULL, 'King Han', 'Kwik', NULL),
(41, NULL, NULL, 'o.marahrens@tu-harburg.de', 'Opus3', 'Importer', NULL),
(42, NULL, NULL, NULL, 'King Han', 'Kwik', NULL),
(43, NULL, NULL, 'o.marahrens@tu-harburg.de', 'Opus3', 'Importer', NULL),
(44, NULL, NULL, NULL, 'King Han', 'Kwik', NULL),
(45, NULL, NULL, 'o.marahrens@tu-harburg.de', 'Opus3', 'Importer', NULL),
(46, NULL, NULL, NULL, 'King Han', 'Kwik', NULL),
(47, NULL, NULL, NULL, 'Hans', 'Thieme', NULL),
(48, NULL, NULL, 'o.marahrens@tu-harburg.de', 'Opus3', 'Importer', NULL),
(49, NULL, NULL, NULL, 'Harald', 'Keil', NULL),
(50, NULL, NULL, NULL, 'H.', 'Thiemann', NULL),
(51, NULL, NULL, 'o.marahrens@tu-harburg.de', 'Opus3', 'Importer', NULL),
(52, NULL, NULL, NULL, 'K.H.', 'Kwik', NULL),
(53, NULL, NULL, 'o.marahrens@tu-harburg.de', 'Opus3', 'Importer', NULL),
(54, NULL, NULL, NULL, 'Edwin', 'Kreuzer', NULL),
(55, NULL, NULL, 'o.marahrens@tu-harburg.de', 'Opus3', 'Importer', NULL),
(56, NULL, NULL, NULL, 'Michael', 'Morlock', NULL),
(57, NULL, NULL, NULL, 'Michael', 'Gregor', NULL),
(58, NULL, NULL, 'o.marahrens@tu-harburg.de', 'Opus3', 'Importer', NULL),
(59, NULL, NULL, NULL, 'Andreas', 'Gamst', NULL),
(60, NULL, NULL, 'o.marahrens@tu-harburg.de', 'Opus3', 'Importer', NULL),
(61, NULL, NULL, NULL, 'King Han', 'Kwik', NULL),
(62, NULL, NULL, NULL, 'Wilfried', 'Stecher', NULL),
(63, NULL, NULL, 'o.marahrens@tu-harburg.de', 'Opus3', 'Importer', NULL),
(64, NULL, NULL, NULL, 'Klaus', 'Eggers', NULL),
(65, NULL, NULL, NULL, 'Andreas', 'Gamst', NULL),
(66, NULL, NULL, 'o.marahrens@tu-harburg.de', 'Opus3', 'Importer', NULL),
(67, NULL, NULL, NULL, 'Jürgen', 'Kux', NULL),
(68, NULL, NULL, NULL, 'Thomas', 'Niemeier', NULL),
(69, NULL, NULL, 'o.marahrens@tu-harburg.de', 'Opus3', 'Importer', NULL),
(70, NULL, NULL, NULL, 'O.', 'Grim', NULL),
(71, NULL, NULL, 'o.marahrens@tu-harburg.de', 'Opus3', 'Importer', NULL),
(72, NULL, NULL, NULL, 'J.V.', 'Wehausen', NULL),
(73, NULL, NULL, 'o.marahrens@tu-harburg.de', 'Opus3', 'Importer', NULL),
(74, NULL, NULL, NULL, 'E.', 'Lehmann', NULL),
(75, NULL, NULL, 'o.marahrens@tu-harburg.de', 'Opus3', 'Importer', NULL),
(76, NULL, NULL, NULL, 'H.-J.', 'Hansen', NULL),
(77, NULL, NULL, 'o.marahrens@tu-harburg.de', 'Opus3', 'Importer', NULL),
(78, NULL, NULL, NULL, 'K.Y.', 'Chao', NULL),
(79, NULL, NULL, 'o.marahrens@tu-harburg.de', 'Opus3', 'Importer', NULL),
(80, NULL, NULL, NULL, 'K.H.', 'Kwik', NULL),
(81, NULL, NULL, NULL, 'W.', 'Stecher', NULL),
(82, NULL, NULL, 'o.marahrens@tu-harburg.de', 'Opus3', 'Importer', NULL),
(83, NULL, NULL, NULL, 'H.', 'Stöhrmann', NULL),
(84, NULL, NULL, 'o.marahrens@tu-harburg.de', 'Opus3', 'Importer', NULL),
(85, NULL, NULL, NULL, 'V.', 'Flörcke', NULL),
(86, NULL, NULL, 'o.marahrens@tu-harburg.de', 'Opus3', 'Importer', NULL),
(87, NULL, NULL, NULL, 'H.-G.', 'Hattendorff', NULL),
(88, NULL, NULL, NULL, 'O.', 'Krappinger', NULL),
(89, NULL, NULL, NULL, 'E.', 'Stahlschmidt', NULL),
(90, NULL, NULL, 'o.marahrens@tu-harburg.de', 'Opus3', 'Importer', NULL),
(91, NULL, NULL, NULL, 'W.', 'Bauschke', NULL),
(92, NULL, NULL, NULL, 'L.', 'Lederer', NULL),
(93, NULL, NULL, 'o.marahrens@tu-harburg.de', 'Opus3', 'Importer', NULL),
(94, NULL, NULL, NULL, 'Michael', 'Morlock', NULL),
(95, NULL, NULL, NULL, 'Anne', 'Gebert de Uhlenbrock', NULL),
(96, NULL, NULL, 'o.marahrens@tu-harburg.de', 'Opus3', 'Importer', NULL),
(97, 'Prof.', NULL, NULL, 'Edwin', 'Kreuzer', NULL),
(98, 'Dr.', NULL, NULL, 'Marc-André', 'Pick', NULL),
(99, NULL, NULL, 'o.marahrens@tu-harburg.de', 'Opus3', 'Importer', NULL),
(100, NULL, NULL, NULL, 'Wolfgang', 'Krautschneider', NULL),
(101, NULL, NULL, NULL, 'Alejandro', 'Avellán Hampe', NULL),
(102, NULL, NULL, 'o.marahrens@tu-harburg.de', 'Opus3', 'Importer', NULL),
(103, NULL, NULL, NULL, 'Norbert', 'Fliege', NULL),
(104, NULL, NULL, NULL, 'Jens', 'Wohlers', NULL),
(105, NULL, NULL, 'o.marahrens@tu-harburg.de', 'Opus3', 'Importer', NULL),
(106, NULL, NULL, NULL, 'Ralf', 'Pörtner', NULL),
(107, NULL, NULL, NULL, 'Katharina', 'Wiegandt', NULL),
(108, NULL, NULL, 'o.marahrens@tu-harburg.de', 'Opus3', 'Importer', NULL),
(109, NULL, NULL, NULL, 'Ralf', 'Otterpohl', NULL),
(110, NULL, NULL, NULL, 'Kai', 'Freudenthal', NULL),
(111, NULL, NULL, 'o.marahrens@tu-harburg.de', 'Opus3', 'Importer', NULL),
(112, NULL, NULL, NULL, 'Thomas', 'Hapke', NULL),
(113, NULL, NULL, 'o.marahrens@tu-harburg.de', 'Opus3', 'Importer', NULL),
(114, NULL, NULL, NULL, 'Maria', 'Kirsch', NULL),
(115, NULL, NULL, 'o.marahrens@tu-harburg.de', 'Opus3', 'Importer', NULL),
(116, NULL, NULL, NULL, 'Rameswar', 'Bhattacharyya', NULL),
(117, NULL, NULL, 'o.marahrens@tu-harburg.de', 'Opus3', 'Importer', NULL),
(118, NULL, NULL, NULL, 'FirstNameUnknown', 'Cheung Hun Kim', NULL),
(119, NULL, NULL, 'o.marahrens@tu-harburg.de', 'Opus3', 'Importer', NULL),
(120, NULL, NULL, NULL, 'O.', 'Krappinger', NULL),
(121, NULL, NULL, 'o.marahrens@tu-harburg.de', 'Opus3', 'Importer', NULL),
(122, NULL, NULL, NULL, 'A.', 'Kracht', NULL),
(123, NULL, NULL, 'o.marahrens@tu-harburg.de', 'Opus3', 'Importer', NULL),
(124, NULL, NULL, NULL, 'Harald', 'Keil', NULL),
(125, NULL, NULL, 'o.marahrens@tu-harburg.de', 'Opus3', 'Importer', NULL),
(126, NULL, NULL, NULL, 'J.', 'Bakenhus', NULL),
(127, NULL, NULL, 'o.marahrens@tu-harburg.de', 'Opus3', 'Importer', NULL),
(128, NULL, NULL, NULL, 'M.', 'Döhler', NULL),
(129, NULL, NULL, NULL, 'B.', 'Ringle', NULL),
(130, NULL, NULL, 'o.marahrens@tu-harburg.de', 'Opus3', 'Importer', NULL),
(131, NULL, NULL, NULL, 'K.', 'Eggers', NULL),
(132, NULL, NULL, 'o.marahrens@tu-harburg.de', 'Opus3', 'Importer', NULL),
(133, NULL, NULL, NULL, 'O.', 'Grim', NULL),
(134, NULL, NULL, 'o.marahrens@tu-harburg.de', 'Opus3', 'Importer', NULL),
(135, NULL, NULL, NULL, 'Siang Fung', 'Ang', NULL),
(136, NULL, NULL, NULL, 'Torben', 'Scholz', NULL),
(137, NULL, NULL, NULL, 'Arndt', 'Klocke', NULL),
(138, NULL, NULL, NULL, 'Gerold A.', 'Schneider', NULL),
(139, NULL, NULL, 'o.marahrens@tu-harburg.de', 'Opus3', 'Importer', NULL),
(140, NULL, NULL, NULL, 'Gerold', 'Schneider', NULL),
(141, NULL, NULL, NULL, 'Theo', 'Fett', NULL),
(142, NULL, NULL, NULL, 'Arndt', 'Klocke', NULL),
(143, NULL, NULL, NULL, 'Stefan', 'Habelitz', NULL),
(144, NULL, NULL, NULL, 'Sabine', 'Bechtle', NULL),
(145, NULL, NULL, 'o.marahrens@tu-harburg.de', 'Opus3', 'Importer', NULL),
(146, NULL, NULL, NULL, 'Inken', 'Feldsien-Sudhaus', NULL),
(147, NULL, NULL, 'o.marahrens@tu-harburg.de', 'Opus3', 'Importer', NULL),
(148, NULL, NULL, NULL, 'Inken', 'Feldsien-Sudhaus', NULL),
(149, NULL, NULL, 'o.marahrens@tu-harburg.de', 'Opus3', 'Importer', NULL),
(152, NULL, NULL, NULL, 'Gerold A.', 'Schneider', NULL),
(153, NULL, NULL, NULL, 'Ralf-Peter', 'Herber', NULL),
(154, NULL, NULL, NULL, 'Henry Ekene', 'Mgbemere', NULL),
(155, NULL, NULL, 'o.marahrens@tu-harburg.de', 'Opus3', 'Importer', NULL),
(156, NULL, NULL, NULL, 'Gerold A.', 'Schneider', NULL),
(157, NULL, NULL, NULL, 'Rolf', 'Janssen', NULL),
(158, NULL, NULL, NULL, 'Ralf-Peter', 'Herber', NULL),
(159, NULL, NULL, NULL, 'Henry Ekene', 'Mgbemere', NULL),
(160, NULL, NULL, NULL, 'Tobias A.', 'Stegk', NULL),
(161, NULL, NULL, 'o.marahrens@tu-harburg.de', 'Opus3', 'Importer', NULL),
(162, NULL, NULL, NULL, 'Gerold A.', 'Schneider', NULL),
(163, NULL, NULL, NULL, 'Ralf-Peter', 'Herber', NULL),
(164, NULL, NULL, NULL, 'Henry Ekene', 'Mgbemere', NULL),
(165, NULL, NULL, 'o.marahrens@tu-harburg.de', 'Opus3', 'Importer', NULL),
(166, NULL, NULL, NULL, 'Gerold A.', 'Schneider', NULL),
(167, NULL, NULL, NULL, 'Arndt', 'Klocke', NULL),
(168, NULL, NULL, NULL, 'Mike V.', 'Swain', NULL),
(169, NULL, NULL, NULL, 'Emely Lea', 'Bortel', NULL),
(170, NULL, NULL, NULL, 'Siang Fung', 'Ang', NULL),
(171, NULL, NULL, 'o.marahrens@tu-harburg.de', 'Opus3', 'Importer', NULL),
(172, NULL, NULL, NULL, 'M.', 'Scheinpflug', NULL),
(173, NULL, NULL, 'o.marahrens@tu-harburg.de', 'Opus3', 'Importer', NULL),
(174, NULL, NULL, NULL, 'Werner', 'Schöttelndreyer', NULL),
(175, NULL, NULL, 'o.marahrens@tu-harburg.de', 'Opus3', 'Importer', NULL),
(176, NULL, NULL, NULL, 'K.', 'Wolff', NULL),
(177, NULL, NULL, NULL, 'S. D.', 'Sharma', NULL),
(178, NULL, NULL, NULL, 'Peter', 'Oltmann', NULL),
(179, NULL, NULL, NULL, 'Otto', 'Grim', NULL),
(180, NULL, NULL, 'o.marahrens@tu-harburg.de', 'Opus3', 'Importer', NULL),
(181, NULL, NULL, NULL, 'U.', 'Keil', NULL),
(182, NULL, NULL, NULL, 'P.', 'Schenzle', NULL),
(183, NULL, NULL, 'o.marahrens@tu-harburg.de', 'Opus3', 'Importer', NULL),
(184, NULL, NULL, NULL, 'Konrad', 'Limbach', NULL),
(185, NULL, NULL, 'o.marahrens@tu-harburg.de', 'Opus3', 'Importer', NULL),
(186, NULL, NULL, NULL, 'Bernhard', 'Zimmermann', NULL),
(187, NULL, NULL, 'o.marahrens@tu-harburg.de', 'Opus3', 'Importer', NULL),
(188, NULL, NULL, NULL, 'Otto', 'Grim', NULL),
(189, NULL, NULL, 'o.marahrens@tu-harburg.de', 'Opus3', 'Importer', NULL),
(190, NULL, NULL, NULL, 'Werner', 'Blendermann', NULL),
(191, NULL, NULL, 'o.marahrens@tu-harburg.de', 'Opus3', 'Importer', NULL),
(192, NULL, NULL, NULL, 'Franz Ulrich', 'Häusler', NULL),
(193, NULL, NULL, 'o.marahrens@tu-harburg.de', 'Opus3', 'Importer', NULL),
(194, NULL, NULL, NULL, 'King Han', 'Kwik', NULL),
(195, NULL, NULL, 'o.marahrens@tu-harburg.de', 'Opus3', 'Importer', NULL),
(196, NULL, NULL, NULL, 'Walter', 'Abicht', NULL),
(197, NULL, NULL, NULL, 'G.', 'Tulinius', NULL),
(198, NULL, NULL, 'o.marahrens@tu-harburg.de', 'Opus3', 'Importer', NULL),
(199, NULL, NULL, NULL, 'Jörg', 'Müller', NULL),
(200, NULL, NULL, NULL, 'Kilian', 'Ong', NULL),
(201, NULL, NULL, 'o.marahrens@tu-harburg.de', 'Opus3', 'Importer', NULL),
(202, NULL, NULL, NULL, 'Ernst-August', 'Weitendorf', NULL),
(203, NULL, NULL, 'o.marahrens@tu-harburg.de', 'Opus3', 'Importer', NULL),
(204, NULL, NULL, NULL, 'Jörg', 'Müller', NULL),
(205, NULL, NULL, NULL, 'Jan-Peter', 'Hauschild', NULL),
(206, NULL, NULL, 'o.marahrens@tu-harburg.de', 'Opus3', 'Importer', NULL),
(207, NULL, NULL, NULL, 'Michael M.', 'Morlock', NULL),
(208, NULL, NULL, NULL, 'Matthias', 'Honl', NULL),
(209, NULL, NULL, 'o.marahrens@tu-harburg.de', 'Opus3', 'Importer', NULL),
(210, NULL, NULL, NULL, 'Hendrik', 'Vorhölter', NULL),
(211, NULL, NULL, NULL, 'Gang', 'Qiu', NULL),
(212, NULL, NULL, NULL, 'Jürgen', 'Reimers', NULL),
(213, NULL, NULL, NULL, 'Marc', 'Kirchhoff', NULL),
(214, NULL, NULL, NULL, 'Sonja', 'Zacke', NULL),
(215, NULL, NULL, NULL, 'Georg', 'Sehlhorst', NULL),
(216, NULL, NULL, NULL, 'Patrick', 'Drewes', NULL),
(217, NULL, NULL, NULL, 'Tobias', 'Pilsak', NULL),
(218, NULL, NULL, NULL, 'Axel', 'Hackbarth', NULL),
(219, NULL, NULL, NULL, 'Manuel', 'Manzke', NULL),
(220, NULL, NULL, NULL, 'Katja', 'Wöckner', NULL),
(221, NULL, NULL, NULL, 'Christian', 'Ulrich', NULL),
(222, NULL, NULL, NULL, 'Jörg', 'Brunswig', NULL),
(223, NULL, NULL, 'o.marahrens@tu-harburg.de', 'Opus3', 'Importer', NULL),
(224, NULL, NULL, NULL, 'Sabine', 'Bechtle', NULL),
(225, NULL, NULL, NULL, 'Theo', 'Fett', NULL),
(226, NULL, NULL, NULL, 'Gabriele', 'Rizzi', NULL),
(227, NULL, NULL, NULL, 'FirstNameUnknown', 'Habelitz Stefan', NULL),
(228, NULL, NULL, NULL, 'Gerold', 'Schneider', NULL),
(229, NULL, NULL, 'o.marahrens@tu-harburg.de', 'Opus3', 'Importer', NULL),
(230, NULL, NULL, NULL, 'Sabine', 'Bechtle', NULL),
(231, NULL, NULL, NULL, 'Theo', 'Fett', NULL),
(232, NULL, NULL, NULL, 'Gabriele', 'Rizzi', NULL),
(233, NULL, NULL, NULL, 'Stefan', 'Habelitz', NULL),
(234, NULL, NULL, NULL, 'Arndt', 'Klocke', NULL),
(235, NULL, NULL, NULL, 'Gerold', 'Schneider', NULL),
(236, NULL, NULL, 'o.marahrens@tu-harburg.de', 'Opus3', 'Importer', NULL),
(237, NULL, NULL, NULL, 'Thomas (Hrsg.)', 'Hapke', NULL),
(238, NULL, NULL, 'o.marahrens@tu-harburg.de', 'Opus3', 'Importer', NULL),
(239, NULL, NULL, NULL, 'H.', 'Baumann', NULL),
(240, NULL, NULL, 'o.marahrens@tu-harburg.de', 'Opus3', 'Importer', NULL),
(241, NULL, NULL, NULL, 'K. E. G.', 'Wieghardt', NULL),
(242, NULL, NULL, 'o.marahrens@tu-harburg.de', 'Opus3', 'Importer', NULL),
(243, NULL, NULL, NULL, 'G.', 'Hughes', NULL),
(244, NULL, NULL, NULL, 'K. E. G.', 'Wieghardt', NULL),
(245, NULL, NULL, 'o.marahrens@tu-harburg.de', 'Opus3', 'Importer', NULL),
(246, NULL, NULL, NULL, 'Maria', 'Kirsch', NULL),
(247, NULL, NULL, 'o.marahrens@tu-harburg.de', 'Opus3', 'Importer', NULL),
(248, NULL, NULL, NULL, 'K.', 'Wieghardt', NULL),
(249, NULL, NULL, 'o.marahrens@tu-harburg.de', 'Opus3', 'Importer', NULL),
(250, NULL, NULL, NULL, 'Ralf Prof. Dr.-Ing.', 'Otterpohl', NULL),
(251, NULL, NULL, NULL, 'Nathasith', 'Chiarawatchai', NULL),
(252, NULL, NULL, 'o.marahrens@tu-harburg.de', 'Opus3', 'Importer', NULL);

--
-- Daten für Tabelle `link_persons_documents`
--

INSERT INTO `link_persons_documents` (`person_id`, `document_id`, `role`, `sort_order`, `allow_email_contact`) VALUES
(1, 1, 'author', 0, 0),
(2, 1, 'submitter', 0, 0),
(3, 2, 'author', 0, 0),
(4, 2, 'submitter', 0, 0),
(5, 3, 'advisor', 0, 0),
(6, 3, 'author', 0, 0),
(7, 3, 'submitter', 0, 0),
(8, 4, 'advisor', 0, 0),
(9, 4, 'author', 0, 0),
(10, 4, 'submitter', 0, 0),
(11, 5, 'advisor', 0, 0),
(12, 5, 'author', 0, 0),
(13, 5, 'submitter', 0, 0),
(14, 6, 'advisor', 0, 0),
(15, 6, 'author', 0, 0),
(16, 6, 'submitter', 0, 0),
(17, 7, 'author', 0, 0),
(18, 7, 'submitter', 0, 0),
(19, 8, 'advisor', 0, 0),
(20, 8, 'author', 0, 0),
(21, 8, 'submitter', 0, 0),
(22, 9, 'submitter', 0, 0),
(23, 10, 'advisor', 0, 0),
(24, 10, 'author', 0, 0),
(25, 10, 'submitter', 0, 0),
(26, 11, 'author', 0, 0),
(27, 11, 'submitter', 0, 0),
(28, 12, 'author', 0, 0),
(29, 12, 'submitter', 0, 0),
(30, 13, 'author', 0, 0),
(31, 13, 'submitter', 0, 0),
(32, 14, 'author', 0, 0),
(33, 14, 'submitter', 0, 0),
(34, 15, 'author', 0, 0),
(35, 15, 'submitter', 0, 0),
(36, 16, 'author', 0, 0),
(37, 16, 'submitter', 0, 0),
(38, 17, 'author', 0, 0),
(39, 17, 'submitter', 0, 0),
(40, 18, 'author', 0, 0),
(41, 18, 'submitter', 0, 0),
(42, 19, 'author', 0, 0),
(43, 19, 'submitter', 0, 0),
(44, 20, 'author', 0, 0),
(45, 20, 'submitter', 0, 0),
(46, 21, 'author', 0, 0),
(47, 21, 'author', 0, 0),
(48, 21, 'submitter', 0, 0),
(49, 22, 'author', 0, 0),
(50, 22, 'author', 0, 0),
(51, 22, 'submitter', 0, 0),
(52, 23, 'author', 0, 0),
(53, 23, 'submitter', 0, 0),
(54, 24, 'author', 0, 0),
(55, 24, 'submitter', 0, 0),
(56, 25, 'advisor', 0, 0),
(57, 25, 'author', 0, 0),
(58, 25, 'submitter', 0, 0),
(59, 26, 'author', 0, 0),
(60, 26, 'submitter', 0, 0),
(61, 27, 'author', 0, 0),
(62, 27, 'author', 0, 0),
(63, 27, 'submitter', 0, 0),
(64, 28, 'author', 0, 0),
(65, 28, 'author', 0, 0),
(66, 28, 'submitter', 0, 0),
(67, 29, 'author', 0, 0),
(68, 29, 'author', 0, 0),
(69, 29, 'submitter', 0, 0),
(70, 30, 'author', 0, 0),
(71, 30, 'submitter', 0, 0),
(72, 31, 'author', 0, 0),
(73, 31, 'submitter', 0, 0),
(74, 32, 'author', 0, 0),
(75, 32, 'submitter', 0, 0),
(76, 33, 'author', 0, 0),
(77, 33, 'submitter', 0, 0),
(78, 34, 'author', 0, 0),
(79, 34, 'submitter', 0, 0),
(80, 35, 'author', 0, 0),
(81, 35, 'author', 0, 0),
(82, 35, 'submitter', 0, 0),
(83, 36, 'author', 0, 0),
(84, 36, 'submitter', 0, 0),
(85, 37, 'author', 0, 0),
(86, 37, 'submitter', 0, 0),
(87, 38, 'author', 0, 0),
(88, 38, 'author', 0, 0),
(89, 38, 'author', 0, 0),
(90, 38, 'submitter', 0, 0),
(91, 39, 'author', 0, 0),
(92, 39, 'author', 0, 0),
(93, 39, 'submitter', 0, 0),
(94, 40, 'advisor', 0, 0),
(95, 40, 'author', 0, 0),
(96, 40, 'submitter', 0, 0),
(97, 41, 'advisor', 0, 0),
(98, 41, 'author', 0, 0),
(99, 41, 'submitter', 0, 0),
(100, 42, 'advisor', 0, 0),
(101, 42, 'author', 0, 0),
(102, 42, 'submitter', 0, 0),
(103, 43, 'advisor', 0, 0),
(104, 43, 'author', 0, 0),
(105, 43, 'submitter', 0, 0),
(106, 44, 'advisor', 0, 0),
(107, 44, 'author', 0, 0),
(108, 44, 'submitter', 0, 0),
(109, 45, 'advisor', 0, 0),
(110, 45, 'author', 0, 0),
(111, 45, 'submitter', 0, 0),
(112, 46, 'contributor', 0, 0),
(113, 46, 'submitter', 0, 0),
(114, 47, 'author', 0, 0),
(115, 47, 'submitter', 0, 0),
(116, 48, 'author', 0, 0),
(117, 48, 'submitter', 0, 0),
(118, 49, 'author', 0, 0),
(119, 49, 'submitter', 0, 0),
(120, 50, 'author', 0, 0),
(121, 50, 'submitter', 0, 0),
(122, 51, 'author', 0, 0),
(123, 51, 'submitter', 0, 0),
(124, 52, 'author', 0, 0),
(125, 52, 'submitter', 0, 0),
(126, 53, 'author', 0, 0),
(127, 53, 'submitter', 0, 0),
(128, 54, 'author', 0, 0),
(129, 54, 'author', 0, 0),
(130, 54, 'submitter', 0, 0),
(131, 55, 'author', 0, 0),
(132, 55, 'submitter', 0, 0),
(133, 56, 'author', 0, 0),
(134, 56, 'submitter', 0, 0),
(135, 57, 'author', 0, 0),
(136, 57, 'author', 0, 0),
(137, 57, 'author', 0, 0),
(138, 57, 'author', 0, 0),
(139, 57, 'submitter', 0, 0),
(140, 58, 'author', 0, 0),
(141, 58, 'author', 0, 0),
(142, 58, 'author', 0, 0),
(143, 58, 'author', 0, 0),
(144, 58, 'author', 0, 0),
(145, 58, 'submitter', 0, 0),
(146, 59, 'author', 0, 0),
(147, 59, 'submitter', 0, 0),
(148, 60, 'author', 0, 0),
(149, 60, 'submitter', 0, 0),
(152, 62, 'author', 0, 0),
(153, 62, 'author', 0, 0),
(154, 62, 'author', 0, 0),
(155, 62, 'submitter', 0, 0),
(156, 63, 'author', 0, 0),
(157, 63, 'author', 0, 0),
(158, 63, 'author', 0, 0),
(159, 63, 'author', 0, 0),
(160, 63, 'author', 0, 0),
(161, 63, 'submitter', 0, 0),
(162, 64, 'author', 0, 0),
(163, 64, 'author', 0, 0),
(164, 64, 'author', 0, 0),
(165, 64, 'submitter', 0, 0),
(166, 65, 'author', 0, 0),
(167, 65, 'author', 0, 0),
(168, 65, 'author', 0, 0),
(169, 65, 'author', 0, 0),
(170, 65, 'author', 0, 0),
(171, 65, 'submitter', 0, 0),
(172, 66, 'author', 0, 0),
(173, 66, 'submitter', 0, 0),
(174, 67, 'author', 0, 0),
(175, 67, 'submitter', 0, 0),
(176, 68, 'author', 0, 0),
(177, 68, 'author', 0, 0),
(178, 68, 'author', 0, 0),
(179, 68, 'author', 0, 0),
(180, 68, 'submitter', 0, 0),
(181, 69, 'author', 0, 0),
(182, 69, 'author', 0, 0),
(183, 69, 'submitter', 0, 0),
(184, 70, 'author', 0, 0),
(185, 70, 'submitter', 0, 0),
(186, 71, 'author', 0, 0),
(187, 71, 'submitter', 0, 0),
(188, 72, 'author', 0, 0),
(189, 72, 'submitter', 0, 0),
(190, 73, 'author', 0, 0),
(191, 73, 'submitter', 0, 0),
(192, 74, 'author', 0, 0),
(193, 74, 'submitter', 0, 0),
(194, 75, 'author', 0, 0),
(195, 75, 'submitter', 0, 0),
(196, 76, 'author', 0, 0),
(197, 76, 'author', 0, 0),
(198, 76, 'submitter', 0, 0),
(199, 77, 'advisor', 0, 0),
(200, 77, 'author', 0, 0),
(201, 77, 'submitter', 0, 0),
(202, 78, 'author', 0, 0),
(203, 78, 'submitter', 0, 0),
(204, 79, 'advisor', 0, 0),
(205, 79, 'author', 0, 0),
(206, 79, 'submitter', 0, 0),
(207, 80, 'advisor', 0, 0),
(208, 80, 'author', 0, 0),
(209, 80, 'submitter', 0, 0),
(210, 81, 'author', 0, 0),
(211, 81, 'author', 0, 0),
(212, 81, 'author', 0, 0),
(213, 81, 'author', 0, 0),
(214, 81, 'author', 0, 0),
(215, 81, 'author', 0, 0),
(216, 81, 'author', 0, 0),
(217, 81, 'author', 0, 0),
(218, 81, 'author', 0, 0),
(219, 81, 'contributor', 0, 0),
(220, 81, 'contributor', 0, 0),
(221, 81, 'contributor', 0, 0),
(222, 81, 'contributor', 0, 0),
(223, 81, 'submitter', 0, 0),
(224, 82, 'author', 0, 0),
(225, 82, 'contributor', 0, 0),
(226, 82, 'contributor', 0, 0),
(227, 82, 'contributor', 0, 0),
(228, 82, 'contributor', 0, 0),
(229, 82, 'submitter', 0, 0),
(230, 83, 'author', 0, 0),
(231, 83, 'contributor', 0, 0),
(232, 83, 'contributor', 0, 0),
(233, 83, 'contributor', 0, 0),
(234, 83, 'contributor', 0, 0),
(235, 83, 'contributor', 0, 0),
(236, 83, 'submitter', 0, 0),
(237, 84, 'contributor', 0, 0),
(238, 84, 'submitter', 0, 0),
(239, 85, 'author', 0, 0),
(240, 85, 'submitter', 0, 0),
(241, 86, 'author', 0, 0),
(242, 86, 'submitter', 0, 0),
(243, 87, 'author', 0, 0),
(244, 87, 'author', 0, 0),
(245, 87, 'submitter', 0, 0),
(246, 88, 'author', 0, 0),
(247, 88, 'submitter', 0, 0),
(248, 89, 'author', 0, 0),
(249, 89, 'submitter', 0, 0),
(250, 90, 'advisor', 0, 0),
(251, 90, 'author', 0, 0),
(252, 90, 'submitter', 0, 0);

--
-- Daten für Tabelle `privileges`
--

INSERT INTO `access_files` (`role_id`, `file_id`) VALUES
(2, 1),
(2, 2),
(2, 3),
(2, 4),
(2, 5),
(2, 6),
(2, 7),
(2, 8),
(2, 9),
(2, 10),
(2, 11),
(2, 12),
(2, 13),
(2, 14),
(2, 15),
(2, 16),
(2, 17),
(2, 18),
(2, 19),
(2, 20),
(2, 21),
(2, 22),
(2, 23),
(2, 24),
(2, 25),
(2, 26),
(2, 27),
(2, 28),
(2, 29),
(2, 30),
(2, 31),
(2, 32),
(2, 33),
(2, 34),
(2, 35),
(2, 36),
(2, 37),
(2, 38),
(2, 39),
(2, 40),
(2, 41),
(2, 42),
(2, 43),
(2, 44),
(2, 45),
(2, 46),
(2, 47),
(2, 48),
(2, 49),
(2, 50),
(2, 51),
(2, 52),
(2, 53),
(2, 54),
(2, 55),
(2, 56),
(2, 57),
(2, 58),
(2, 59),
(2, 60),
(2, 61),
(2, 62),
(2, 63),
(2, 64),
(2, 65),
(2, 66),
(2, 67),
(2, 68),
(2, 69),
(2, 70),
(2, 71),
(2, 72),
(2, 73),
(2, 74),
(2, 75),
(2, 76),
(2, 77),
(2, 78),
(2, 79),
(2, 80),
(2, 81),
(2, 82),
(2, 83),
(2, 84),
(2, 85),
(2, 86),
(2, 87),
(2, 88),
(2, 89),
(2, 90),
(2, 91),
(2, 92),
(2, 93),
(2, 94),
(2, 95),
(2, 96),
(2, 97),
(2, 98),
(2, 99),
(2, 100),
(2, 101),
(2, 102),
(2, 103),
(2, 104),
(2, 105),
(2, 106),
(2, 107),
(2, 108),
(2, 109),
(2, 110),
(2, 111),
(2, 112),
(2, 113),
(2, 114),
(2, 115);


--
-- Daten für Tabelle `link_documents_series`
--
INSERT INTO `link_documents_series` (`document_id`, `series_id`, `number`, `doc_sort_order`) VALUES
(1, 5, 'A', 0),
(2, 5, 'B', 1),
(3, 5, 'C', 2),
(4, 5, 'D', 3),
(5, 5, 'E', 4),
(6, 5, 'F', 5),
(7, 5, 'G', 6),
(8, 5, 'H', 7),
(9, 5, 'I', 8),
(10, 5, 'J', 9),
(11, 5, 'K', 10),
(12, 5, 'L', 11),
(13, 5, 'M', 12);



