-- phpMyAdmin SQL Dump
-- version 2.11.4-rc1
-- http://www.phpmyadmin.net
--
-- Host: localhost
-- Erstellungszeit: 04. Juni 2010 um 14:43
-- Server Version: 5.0.45
-- PHP-Version: 5.2.11

SET SQL_MODE="NO_AUTO_VALUE_ON_ZERO";

--
-- Datenbank: `opus400`
--

--
-- Daten für Tabelle `documents`
--

INSERT INTO `documents` (`id`, `completed_date`, `completed_year`, `contributing_corporation`, `creating_corporation`, `thesis_date_accepted`, `type`, `edition`, `issue`, `language`, `page_first`, `page_last`, `page_number`, `publication_state`, `published_date`, `published_year`, `publisher_name`, `publisher_place`, `server_date_modified`, `server_date_published`, `server_state`, `volume`, `belongs_to_bibliography`) VALUES
(91, NULL, 2010, NULL, NULL, '2010-02-26', 'report', NULL, NULL, 'eng', NULL, NULL, NULL, 'draft', NULL, 2010, '', NULL, '2010-06-04T02:36:53Z', '2010-03-05T09:47:22Z', 'published', NULL, 1),
(92, NULL, 2009, NULL, NULL, '2010-03-26', 'article', NULL, NULL, 'eng', NULL, NULL, NULL, 'draft', NULL, 2009, '', NULL, '2010-06-04T02:36:53Z', '2010-03-05T09:47:22Z', 'published', NULL, 1),
(93, NULL, 2009, NULL, NULL, '2010-04-26', 'doctoralthesis', NULL, NULL, 'eng', NULL, NULL, NULL, 'draft', NULL, 2009, '', NULL, '2010-06-04T02:36:53Z', '2010-03-05T09:47:22Z', 'published', NULL, 1),
(94, NULL, 2008, NULL, NULL, '2010-05-26', 'report', NULL, NULL, 'eng', NULL, NULL, NULL, 'draft', NULL, 2008, '', NULL, '2010-06-04T02:36:53Z', '2010-03-05T09:47:22Z', 'published', NULL, 1),
(95, NULL, 2008, NULL, NULL, '2010-06-26', 'article', NULL, NULL, 'eng', NULL, NULL, NULL, 'draft', NULL, 2008, '', NULL, '2010-06-04T02:36:53Z', '2010-03-05T09:47:22Z', 'published', NULL, 1),
(96, NULL, 2008, NULL, NULL, '2010-07-26', 'article', NULL, NULL, 'eng', NULL, NULL, NULL, 'draft', NULL, 2008, '', NULL, '2010-06-04T02:36:53Z', '2010-03-05T09:47:22Z', 'unpublished', NULL, 0),
(97, NULL, 2008, NULL, NULL, '2010-08-26', 'article', NULL, NULL, 'eng', NULL, NULL, NULL, 'draft', NULL, 2008, '', NULL, '2010-06-04T02:36:53Z', '2010-03-05T09:47:22Z', 'unpublished', NULL, 0),
(98, NULL, 2008, NULL, NULL, '2010-09-26', 'article', NULL, NULL, 'eng', NULL, NULL, NULL, 'draft', NULL, 2008, '', NULL, '2010-06-04T02:36:53Z', '2010-03-05T09:47:22Z', 'unpublished', NULL, 0),
(99, NULL, 2008, NULL, NULL, '2010-09-26', 'article', NULL, NULL, 'eng', NULL, NULL, NULL, 'draft', NULL, 2008, '', NULL, '2010-06-04T02:36:53Z', '2010-03-05T09:47:22Z', 'unpublished', NULL, 0),
(100, NULL, 2008, NULL, NULL, '2010-09-26', 'article', NULL, NULL, 'eng', NULL, NULL, NULL, 'draft', NULL, 2008, '', NULL, '2010-06-04T02:36:53Z', '2010-03-05T09:47:22Z', 'unpublished', NULL, 0),
(101, NULL, 2008, NULL, NULL, '2010-09-26', 'article', NULL, NULL, 'eng', NULL, NULL, NULL, 'draft', NULL, 2008, '', NULL, '2010-06-04T02:36:53Z', '2010-03-05T09:47:22Z', 'unpublished', NULL, 0),
(102, NULL, 2008, NULL, NULL, '2010-09-26', 'article', NULL, NULL, 'eng', NULL, NULL, NULL, 'draft', NULL, 2008, '', NULL, '2010-06-04T02:36:53Z', '2010-03-05T09:47:22Z', 'unpublished', NULL, 0),
(103, NULL, 2008, NULL, NULL, '2010-06-26', 'article', NULL, NULL, 'eng', NULL, NULL, NULL, 'draft', NULL, 2008, '', NULL, '2010-06-04T02:36:53Z', '2010-03-05T09:47:22Z', 'published', NULL, 0),
(104, NULL, 2008, NULL, NULL, '2010-07-26', 'article', NULL, NULL, 'eng', NULL, NULL, NULL, 'draft', NULL, 2008, '', NULL, '2010-06-04T02:36:53Z', '2010-03-05T09:47:22Z', 'unpublished', NULL, 0),
(105, NULL, 2008, NULL, NULL, '2010-08-26', 'article', NULL, NULL, 'eng', NULL, NULL, NULL, 'draft', NULL, 2008, '', NULL, '2010-06-04T02:36:53Z', '2010-03-05T09:47:22Z', 'unpublished', NULL, 0),
(106, NULL, 2008, NULL, NULL, '2010-09-26', 'article', NULL, NULL, 'eng', NULL, NULL, NULL, 'draft', NULL, 2008, '', NULL, '2010-06-04T02:36:53Z', '2010-03-05T09:47:22Z', 'unpublished', NULL, 0),
(107, NULL, 2008, NULL, NULL, '2010-09-26', 'article', NULL, NULL, 'eng', NULL, NULL, NULL, 'draft', NULL, 2008, '', NULL, '2010-06-04T02:36:53Z', '2010-03-05T09:47:22Z', 'unpublished', NULL, 0),
(108, NULL, 2008, NULL, NULL, '2010-09-26', 'article', NULL, NULL, 'eng', NULL, NULL, NULL, 'draft', NULL, 2008, '', NULL, '2010-06-04T02:36:53Z', '2010-03-05T09:47:22Z', 'unpublished', NULL, 0),
(109, NULL, 2008, NULL, NULL, '2010-09-26', 'article', NULL, NULL, 'eng', NULL, NULL, NULL, 'draft', NULL, 2008, '', NULL, '2010-06-04T02:36:53Z', '2010-03-05T09:47:22Z', 'unpublished', NULL, 0),
(110, NULL, 2008, NULL, NULL, '2010-09-26', 'article', NULL, NULL, 'eng', NULL, NULL, NULL, 'draft', NULL, 2008, '', NULL, '2010-06-04T02:36:53Z', '2010-03-05T09:47:22Z', 'unpublished', NULL, 0);

--
-- Daten für Tabelle `document_files`
--

INSERT INTO `document_files` (`id`, `document_id`, `path_name`, `label`, `mime_type`, `language`, `file_size`, `visible_in_frontdoor`, `visible_in_oai`) VALUES
(116, 91, 'test.pdf', 'test.pdf', 'application/pdf', 'eng', 6970, 1, 1),
(117, 92, 'test.xhtml', 'test.xhtml', 'application/xhtml+xml', 'eng', 125, 1, 1),
(118, 93, 'test.txt', 'test.txt', 'text/plain', 'eng', 591, 1, 1),
(119, 94, 'test.ps', 'test.ps', 'application/postscript', 'eng', 22041, 1, 1),
(120, 95, 'test.html', 'test.html', 'text/html', 'eng', 847, 1, 1);

--
-- Daten für Tabelle `access_files`
--

INSERT INTO `access_files` (`role_id`, `file_id`) VALUES
(2, 116),
(2, 117),
(4, 118),
(2, 119),
(2, 120);

--
-- Daten für Tabelle `document_identifiers`
--

INSERT INTO `document_identifiers` (`id`, `document_id`, `type`, `value`) VALUES
(495, 91, 'uuid', '11111111-1111-1111-1111-111111111111'),
(496, 91, 'opus3-id', 'rewritetest-foo'),
(497, 92, 'opus3-id', 'rewritetest-baz'),
(498, 93, 'opus3-id', 'rewritetest-foo');

--
-- Daten für Tabelle `document_subjects`
--

INSERT INTO `document_subjects` (`id`, `document_id`, `language`, `type`, `value`, `external_key`) VALUES
(300, 91, 'deu', 'swd', 'Informationssystem ', NULL),
(301, 92, 'deu', 'swd', 'Informationssystem ', NULL),
(302, 93, 'deu', 'swd', 'Informationssystem ', NULL),
(303, 94, 'deu', 'swd', 'Informationssystem ', NULL),
(304, 95, 'deu', 'swd', 'Informationssystem ', NULL),
(305, 91, 'eng', 'uncontrolled', 'eBook', NULL),
(306, 92, 'eng', 'uncontrolled', 'eBook', NULL),
(307, 93, 'eng', 'uncontrolled', 'eBook', NULL),
(308, 94, 'eng', 'uncontrolled', 'eBook', NULL),
(309, 95, 'eng', 'uncontrolled', 'eBook', NULL),
(310, 96, 'eng', 'uncontrolled', ' information science ', NULL),
(311, 97, 'eng', 'uncontrolled', ' information science ', NULL),
(312, 98, 'eng', 'uncontrolled', ' information science ', NULL),
(313, 91, 'eng', 'uncontrolled', 'english subject ', NULL),
(314, 91, 'eng', 'uncontrolled', 'another english subject', NULL),
(315, 91, 'deu', 'uncontrolled', 'deutsches Schlagwort', NULL),
(316, 91, 'deu', 'uncontrolled', 'ein anderes deutsches Schlagwort', NULL),
(317, 91, 'fra', 'uncontrolled', 'mot clé français', NULL),
(318, 91, 'fra', 'uncontrolled', 'autre mot-clé français', NULL);

--
-- Daten für Tabelle `document_title_abstracts`
--

INSERT INTO `document_title_abstracts` (`id`, `document_id`, `type`, `value`, `language`) VALUES
(224, 91, 'main', 'This is a pdf test document', 'eng'),
(225, 91, 'abstract', 'This is a pdf test document', 'eng'),
(226, 92, 'main', 'This is a xhtml test document', 'eng'),
(227, 92, 'abstract', 'This is a xhtml test document', 'eng'),
(228, 93, 'main', 'This is a plain text test document', 'eng'),
(229, 93, 'abstract', 'This is a plain text test document', 'eng'),
(230, 94, 'main', 'This is a postscript test document', 'eng'),
(231, 94, 'abstract', 'This is a postscript test document', 'eng'),
(232, 95, 'main', 'This is a html test document', 'eng'),
(233, 95, 'abstract', 'This is a html test document', 'eng'),
(234, 96, 'main', 'This is an unpublished test document', 'eng'),
(235, 97, 'main', 'This is another unpublished test document', 'eng'),
(236, 98, 'main', 'This is another unpublished document for testing purposes', 'eng'),
(237, 99, 'main', 'TOP SECRET - Do not publish!', 'eng'),
(238, 100, 'main', 'A very unpublished document.', 'eng'),
(239, 101, 'main', 'This should never be pusblished.', 'eng'),
(240, 102, 'main', 'Something that should never have been written, but now that it has please do not publish it!', 'eng'),
(241, 103, 'main', 'What you always wanted to know about Opus and never dared to ask!', 'eng'),
(242, 104, 'main', 'What you never wanted to know about Opus!', 'eng'),
(243, 105, 'main', 'Learning to program in 5 minutes or less.', 'eng'),
(244, 106, 'main', 'A day in the life of an Opus developer.', 'eng'),
(245, 107, 'main', 'Another day in the life of an Opus developer.', 'eng'),
(246, 108, 'main', 'Wally - The vegetarian walruss.', 'eng'),
(247, 109, 'main', 'What to do if your build is broken!', 'eng'),
(248, 110, 'main', 'Internet access broken? - What you could do instead.', 'eng'),
(251, 91, 'parent', 'This is a parent title', 'eng');

--
-- Daten für Tabelle `persons`
--

INSERT INTO `persons` (`id`, `academic_title`, `date_of_birth`, `email`, `first_name`, `last_name`, `place_of_birth`) VALUES
(253, NULL, NULL, 'john.doe@example.org', 'John', 'Doe', NULL),
(254, NULL, NULL, 'jane.doe@example.org', 'Jane', 'Doe', NULL),
(255, NULL, NULL, 'wally@example.org', 'Wally', 'Walruss', NULL),
(256, NULL, NULL, 'rainer.zufall@example.org', 'Rainer', 'Zufall', NULL),
(257, NULL, NULL, 'klara.fall@example.org', 'Klara', 'Fall', NULL);

--
-- Daten für Tabelle `link_persons_documents`
--

INSERT INTO `link_persons_documents` (`person_id`, `document_id`, `role`, `sort_order`, `allow_email_contact`) VALUES
(253, 91, 'author', 0, 1),
(253, 92, 'author', 0, 0),
(253, 93, 'author', 0, 0),
(253, 94, 'author', 0, 0),
(253, 95, 'author', 0, 0),
(254, 91, 'referee', 0, 0),
(254, 92, 'referee', 0, 0),
(254, 93, 'referee', 0, 0),
(254, 94, 'referee', 0, 0),
(254, 95, 'referee', 0, 0),
(253, 96, 'author', 0, 0),
(253, 97, 'author', 0, 0),
(253, 98, 'author', 0, 0),
(254, 99, 'author', 0, 0),
(253, 100, 'author', 0, 0),
(253, 101, 'author', 0, 0),
(253, 102, 'author', 0, 0),
(255, 103, 'author', 0, 0),
(255, 104, 'author', 0, 0),
(255, 105, 'author', 0, 0),
(255, 106, 'author', 0, 0),
(255, 107, 'author', 0, 0),
(255, 108, 'author', 0, 0),
(255, 109, 'author', 0, 0),
(255, 110, 'author', 0, 0),
(256, 91, 'author', 0, 1),
(257, 91, 'author', 0, 0),
(256, 92, 'author', 0, 0),
(257, 93, 'author', 0, 0);

--
-- Daten für Tabelle `dnb_institutes`
--

INSERT INTO `dnb_institutes` (`id`, `name`, `address`, `city`, `phone`, `dnb_contact_id`, `is_grantor`, `is_publisher`) VALUES
(1, 'Foobar Universität', 'Musterstraße 1', 'Musterstadt', '', '', 1, 0),
(2, 'Foobar Universitätsbibliothek', 'Musterstraße 2', 'Musterstadt', '', '', 0, 1);

